word,total_count
"",1037078
the,57282
and,54504
i,41183
to,39202
of,36959
a,29920
you,26079
my,25018
that,22337
in,22200
is,19117
not,17048
for,16626
with,16197
it,14313
be,14140
me,13936
your,13835
his,13726
this,13596
but,12707
he,12513
as,12212
have,11761
thou,10934
so,10012
will,9701
what,9039
him,8876
by,8843
thy,8064
are,7677
no,7476
all,7433
do,7402
her,7337
shall,7143
if,7116
we,6634
or,6407
our,6148
on,6074
good,5504
thee,5456
from,5342
now,5326
at,5209
o,5206
they,5062
she,4922
sir,4819
come,4765
was,4750
lord,4704
which,4683
would,4653
king,4491
well,4387
then,4382
how,4371
am,4287
more,4276
their,4220
let,4215
when,4180
enter,4164
ill,3929
here,3919
hath,3862
than,3788
an,3734
love,3712
may,3704
them,3540
there,3492
one,3482
like,3448
upon,3436
make,3269
such,3265
know,3241
go,3239
were,3228
did,3217
say,3208
man,3194
should,3171
yet,3052
must,3020
had,3018
why,2956
us,2874
see,2848
tis,2807
some,2715
give,2651
these,2650
out,2599
who,2490
where,2466
can,2414
time,2409
take,2404
most,2366
th,2296
first,2274
mine,2149
too,2119
tell,2103
up,2079
speak,2073
never,2047
think,2046
much,2007
nor,1941
any,1932
doth,1865
great,1813
exeunt,1800
very,1771
art,1762
hear,1703
exit,1678
heart,1678
me.,1668
look,1666
you.,1648
made,1636
before,1612
it.,1609
scene,1580
world,1561
sweet,1556
him.,1549
men,1530
god,1522
cannot,1511
thus,1489
fair,1469
ay,1466
father,1458
own,1453
lady,1445
pray,1443
life,1432
away,1426
hand,1425
been,1425
master,1423
queen,1417
two,1416
lord.,1414
true,1409
old,1399
duke,1366
into,1345
being,1341
death,1339
could,1307
other,1306
king.,1292
long,1277
though,1266
poor,1265
eyes,1257
till,1255
down,1253
day,1251
therefore,1245
whose,1230
leave,1213
noble,1204
son,1199
against,1197
name,1193
again,1181
said,1166
hast,1164
nay,1164
heaven,1154
nothing,1150
ever,1147
second,1146
many,1144
both,1140
even,1135
fear,1134
comes,1132
done,1131
blood,1128
better,1123
those,1101
call,1100
stand,1098
use,1096
only,1092
find,1061
honour,1046
little,1033
grace,1030
bear,1029
night,1027
put,1019
still,1010
way,1005
might,1004
brother,996
every,994
myself,978
keep,957
part,945
set,935
peace,934
electronic,913
young,911
live,909
head,907
prince,906
off,906
hold,906
lords,902
thee.,900
copies,897
distributed,888
house,888
bring,888
about,887
since,878
dear,877
aside,864
dead,862
within,857
best,857
madam,856
dost,854
whom,846
unto,844
others,833
thats,831
word,825
thine,820
once,820
full,819
mistress,818
none,814
another,814
soul,810
theres,808
after,808
friends,804
gods,798
show,797
service,791
wife,789
thought,784
stay,777
indeed,777
has,777
duke.,776
eye,767
please,766
else,762
three,760
himself,760
without,757
die,746
gloucester.,744
words,740
place,734
gentle,728
friend,726
face,725
faith,724
ere,718
makes,716
gone,716
ham.,716
marry,714
thing,710
daughter,701
tongue,698
sir.,696
falstaff.,692
caesar,692
came,690
heard,688
whats,681
so.,675
henry.,674
france,671
answer,670
bid,670
get,667
hope,663
act,663
fool,662
forth,658
things,656
rather,653
right,653
william,651
boy,640
does,631
thousand,630
john,630
nature,625
hence,622
mind,621
matter,619
back,616
rest,614
help,610
mother,606
welcome,605
meet,604
brutus.,604
well.,602
under,600
hes,599
her.,597
antony.,596
lie,594
end,592
clown.,590
shalt,588
wilt,586
sword,586
iago.,586
thank,582
cause,582
project,581
i.,579
prince.,578
richard.,576
sure,572
not.,572
truth,571
othello.,570
news,566
woman,563
state,563
fall,563
power,562
lets,561
fortune,560
home,559
lay,558
mean,554
gentleman,552
hands,552
all.,549
shame,548
far,547
follow,545
pardon,544
loves,544
ye,543
false,540
fathers,540
queen.,537
shakespeare,537
hour,536
play,534
kind,532
last,532
sent,529
saw,527
works,526
through,526
seen,524
kings,521
turn,520
fellow,520
honest,519
send,514
earth,514
enough,514
tears,513
youth,510
provided,507
them.,504
reenter,502
means,502
york,502
husband,498
near,498
reason,497
break,497
gutenberg,494
complete,492
prove,491
used,490
page.,490
each,488
hell,487
left,486
rome,485
yourself,484
etext,484
cousin,482
man.,481
farewell,478
spirit,476
while,476
gentleman.,476
between,476
swear,474
charges,473
servant.,472
third,472
personal,472
1,471
says,470
believe,470
gave,469
copyright,469
york.,468
present,467
light,467
high,466
library,465
strange,463
2,462
fight,460
fire,459
england,459
times,458
distribution,455
alas,452
timon.,452
henry,452
macbeth.,452
lost,451
readable,450
john.,450
hither,450
college,448
inc.,448
machine,447
includes,447
found,447
told,446
wit,446
seek,446
benedictine,446
illinois,446
version,445
commercial,444
body,444
court,444
permission.,443
prohibited,442
warwick,442
19901993,442
download,442
membership.,442
commercially.,442
thoughts,440
lies,440
crown,440
beseech,440
french,440
dromio,440
sleep,438
worthy,438
again.,437
antipholus,436
mark,435
bed,435
ha,434
bloody,434
neer,432
mrs.,432
same,431
itself,431
soldiers,430
villain,430
war,430
foul,430
rosalind.,430
majesty,428
half,425
hearts,424
richard,424
save,423
new,423
fly,423
antony,422
sit,420
royal,420
wish,420
days,420
heres,418
knows,418
cleopatra.,418
syracuse.,414
prithee,412
letter,412
arms,410
dare,409
draw,409
mad,409
child,408
less,405
desire,404
sun,403
gloucester,402
cry,401
pity,400
read,398
care,398
love.,397
together,396
ford.,396
business,396
looks,394
proud,392
happy,391
because,390
talk,389
yes,389
brought,389
ho,388
holy,388
lose,387
wear,386
lear.,386
us.,385
worth,384
yours,384
oer,384
beauty,384
france.,384
wrong,383
kill,383
sound,381
horse,380
given,380
warwick.,380
death.,379
gracious,378
devil,378
grief,377
sea,376
tomorrow,375
run,374
general,374
too.,373
ah,371
work,370
page,370
messenger.,370
breath,369
remember,368
yea,368
gold,368
people,366
sons,362
ist,362
didst,362
brutus,362
servant,360
gentlemen,360
cold,359
something,358
over,358
charge,358
years,357
here.,357
more.,356
caesar.,356
uncle,354
serve,354
strong,354
seem,354
lives,353
citizen.,352
purpose,348
late,347
alice,347
heavens,346
highness,346
calld,346
next,345
law,345
age,344
desdemona.,344
sight,343
goes,343
virtue,342
cut,341
joy,340
free,340
trust,339
known,339
land,339
princess,336
canst,336
need,335
either,335
ii.,335
sister,334
alone,334
edward,334
took,333
return,333
comfort,333
hang,332
hate,331
warrant,330
thyself,330
doubt,330
almost,330
music,329
bound,329
menenius.,328
valentine.,328
kiss,327
rom.,326
berowne.,326
knew,325
twas,322
neither,322
petruchio.,322
rich,321
brave,321
truly,320
certain,320
air,320
side,319
justice,319
wind,318
masters,318
mans,318
toby.,318
hard,317
away.,317
praise,316
sorrow,316
heavy,316
pandarus.,316
coriolanus.,316
having,315
ask,315
cressida.,314
voice,313
unless,312
further,312
shes,311
foot,311
ear,311
shallow.,310
behold,310
black,310
change,310
proteus.,308
base,308
english,308
fit,307
ten,306
fie,306
merry,306
helena.,306
wise,304
cassius.,304
antonio.,304
money,303
just,303
patience,303
youll,302
maid,302
mercy,302
fal.,302
edward.,302
thanks,300
earl,300
brothers,299
will.,298
stands,298
knave,298
methinks,298
hot,295
come.,295
sake,294
soon,294
pleasure,294
heart.,294
buckingham.,294
needs,293
lest,293
spoke,292
hark,292
course,292
command,292
parolles.,292
common,291
sick,290
strike,290
oft,290
gives,290
exit.,290
troilus.,290
now.,289
women,288
fault,288
lady.,286
eat,286
four,286
field,285
become,285
weep,284
suffolk.,284
this.,283
sad,283
drink,283
company,283
iii.,283
palace,282
open,281
worse,280
portia.,280
go.,279
fortunes,278
twenty,277
got,277
white,276
lead,276
kent.,276
went,275
ring,274
married,274
hours,274
pedro.,274
born,274
ephesus.,274
ears,273
above,273
wherefore,272
tender,272
sin,272
valiant,272
fare,272
speak.,271
hand.,271
today,270
themselves,270
person,270
exeunt.,270
note,270
arm,270
grave,269
duty,269
speed.,268
yield,268
sirrah,268
deep,268
bene.,268
out.,267
wouldst,266
titus.,266
cassio.,266
lucius,266
grow,265
wherein,264
on.,264
bold,264
want,263
pass,263
soldier.,262
signior,260
self,260
fool.,260
oath,260
lovd,260
isabella.,260
tonight,259
door,259
past,259
ground,259
met,258
deny,258
glad,257
pay,257
revenge,256
question,256
beat,256
emilia.,256
lucius.,256
clarence,256
coming,255
sing,254
sovereign,254
captain,254
angelo.,254
leontes.,254
haste,253
write,252
often,252
pistol.,252
em,251
fetch,251
princes,250
letters,250
ladies,250
report,249
five,249
souls,248
enemy,248
life.,248
orlando.,248
claud.,248
ready,246
twere,246
olivia.,246
whole,245
soldier,245
witness,245
country,245
slave,244
point,244
viola.,244
content,243
saint,242
nurse.,242
dog,242
fast,242
confess,242
wars,240
spirits,240
deed,240
leon.,240
hector,240
suit,239
water,239
soft,239
flesh,238
pale,238
fell,238
sicinius.,238
imogen.,238
speaks,236
sworn,236
night.,236
glou.,236
herself,235
jul.,234
pretty,233
appear,233
wife.,232
wonder,232
bad,232
romeo,232
seems,231
walk,231
march,231
already,231
vile,230
messenger,230
prospero.,230
pompey.,230
sense,229
quickly,228
lips,228
mouth,228
living,228
margaret.,228
touch,227
t,227
loving,227
whilst,226
farewell.,226
de,226
mock,226
enobarbus.,226
strength,225
gone.,225
hundred,225
city,225
lucio.,224
julia.,224
office,223
iv.,221
rage,220
town,220
plain,220
liege,220
father.,220
entreat,220
excellent,220
attend,220
conscience,220
besides,220
cassio,220
takes,219
counsel,219
watch,218
hair,218
hot.,218
celia.,218
grant,217
behind,217
straight,216
mighty,216
bastard.,216
beat.,216
chief,216
hor.,216
win,215
hide,215
is.,215
noise,215
going,215
that.,214
day.,214
knight,214
pluck,214
bosom,214
armado.,214
bolingbroke.,214
buckingham,214
quite,213
speed,213
killd,212
no.,212
attendants,212
troilus,212
morning,211
be.,211
sport,210
wheres,210
deeds,210
fools,210
bless,210
bears,210
suffolk,210
claudio,210
bertram.,210
apemantus.,210
throw,209
moon,209
health,209
woe,208
slain,208
roman,208
elizabeth.,208
do.,207
its,207
guard,207
traitor,206
speech,206
house.,206
dream,206
form,205
kept,205
duchess.,205
teach,204
there.,204
battle,204
whether,203
small,203
die.,203
ourselves,203
close,203
time.,202
say.,202
shows,202
hadst,202
heads,202
dead.,202
feel,202
loss,202
friar,202
force,202
gainst,202
morrow,202
cardinal,202
parts,201
presently,200
weak,200
favour,200
passion,200
sebastian.,200
countess.,200
kate,200
antonio,200
action,199
children,199
toward,198
wast,198
servants,198
host.,198
in.,198
issue,198
count,198
harry,198
lafeu.,198
buy,197
choose,197
drum,196
boy.,196
bastard,196
chance,196
edg.,196
falstaff,196
shake,195
one.,195
shallow,194
deliver,194
among,194
titus,194
anything,194
thersites.,194
begin,194
demetrius.,194
least,193
case,193
lack,192
heir,192
honourable,192
tranio.,192
bardolph,192
stood,191
understand,190
wert,190
marriage,190
cast,190
beg,190
marcius,190
subject,189
receive,189
golden,189
pride,188
plague,188
talbot,188
bardolph.,188
low,187
longer,187
foolish,187
along,187
v.,187
worst,186
quick,186
writ,186
laid,186
lookd,186
son.,184
try,184
withal,184
fine,184
mens,184
done.,184
mortal,184
lend,184
mothers,184
sorry,183
promise,182
stop,182
green,182
move,182
gates,182
paris,182
order,181
dull,181
mine.,181
presence,180
short,180
word.,180
perceive,180
learn,180
judgment,180
margaret,180
quarrel,179
simple,179
true.,179
measure,179
troth,178
turnd,178
respect,178
taen,178
dangerous,178
faults,178
lordship,178
honours,178
somerset,178
anne.,178
aguecheek.,178
fashion,177
scorn,176
virtuous,176
wisdom,176
paper,176
jest,176
men.,176
commend,176
tale,174
curse,174
consent,174
evans.,174
malvolio.,174
katharine.,174
way.,173
died,173
whither,172
round,172
forget,172
army,172
chamber,172
calls,172
pol.,172
costard.,172
title,171
whos,171
quickly.,170
senator.,170
taken,170
wild,170
fearful,170
held,170
boys,170
banishd,170
macduff.,170
head.,169
piece,169
book,169
offence,168
nurse,168
officers,168
pompey,168
carry,168
achilles,168
anne,168
laugh,167
reads,166
whereof,166
wood,166
womans,166
feast,166
fresh,166
forgot,166
judge,166
making,166
anon,166
broke,166
rome.,166
beard,166
katherina.,166
achilles.,166
silence,165
hearing,165
brief,165
terms,164
valour,164
offer,164
emperor,164
holds,164
ulysses.,164
posthumus.,164
breast,164
timon,164
clarence.,164
angelo,164
boyet.,164
several,163
walls,162
won,162
friar.,162
danger,162
caesars,162
cymbeline.,162
myself.,161
watch.,160
steal,160
up.,160
sings,160
moth.,160
greater,160
forward,160
drawn,160
blow,160
shylock.,160
salisbury,160
escalus.,160
treason,158
whiles,158
worship,158
trumpets,158
lion,158
flourish.,158
eer,158
enemies,158
madam.,158
justice.,158
large,158
friends.,158
both.,158
angry,158
wolsey.,158
although,158
cloten.,158
edm.,158
caius,158
adriana.,158
london.,158
shape,157
sudden,157
until,157
hurt,157
coward,157
taste,156
wounds,156
year,156
thence,156
dukes,156
down.,156
glory,156
feed,156
northumberland.,156
cried,156
iachimo.,156
widow,154
suffer,154
stir,154
prayers,154
kingdom,154
dies,154
ford,154
doctor,154
roderigo.,154
blessed,154
alack,154
hastings,154
cassius,154
maria.,154
hector.,154
double,153
opinion,153
rise,152
then.,152
tongues,152
vow,152
princely,152
sometime,152
tear,152
touchstone.,152
clifford,152
whence,150
shouldst,150
trouble,150
eyes.,150
goodly,150
nothing.,150
jack,150
blood.,150
borne,150
hortensio.,150
charles,150
hamlet,150
friend.,149
ancient,149
keeps,148
murderer.,148
grows,148
hostess.,148
la,148
humour,148
himself.,148
lo,148
birth,148
camillo.,148
view,147
precious,147
harm,147
manner,147
1.,147
twixt,146
world.,146
forgive,146
lovers,146
dog.,146
forbid,146
moor,146
fled,146
burn,146
poins.,146
aught,146
reg.,146
hastings.,146
bassanio.,146
trumpet,145
sort,145
fellows,145
drop,145
safe,144
wine,144
daughters,144
knowst,144
honesty,144
good.,144
rosaline.,144
cominius.,144
poison,143
smile,143
leaves,143
alone.,143
brain,143
struck,142
thither,142
scarce,142
weary,142
greatness,142
of.,142
awake,142
blind,142
northumberland,142
thomas,142
bitter,142
baptista.,142
lucentio.,142
seven,141
dark,141
alive,141
2.,141
tent,140
wretched,140
quiet,140
street,140
falls,140
pains,140
cruel,140
fears,140
knowledge,140
patient,140
fluellen.,140
gratiano.,140
wits,139
towards,139
due,139
know.,139
blame,139
sayst,138
purse,138
train,138
motion,138
desires,138
led,138
claudio.,138
iago,138
marcus,138
demetrius,138
marcus.,138
charmian.,138
prison,137
rude,137
twice,137
cunning,137
knock,137
stars,136
rogue,136
within.,136
few,136
place.,136
occasion,136
excuse,136
owe,136
host,136
endure,136
always,136
brook,136
ass,136
provost.,136
bearing,136
cheek,136
awhile,136
dauphin,136
bolingbroke,136
launce.,136
yonder,134
rough,134
hither.,134
peace.,134
match,134
hail,134
guilty,134
citizens,134
cheer,134
ajax.,134
lancaster,134
room,132
public,132
wound,132
shadow,132
woo,132
fain,132
labour,132
forest,132
valentine,132
proteus,132
norfolk.,132
camp,132
jove,132
autolycus.,132
effect,131
catch,131
bright,131
quoth,130
spend,130
pure,130
swift,130
wealth,130
embrace,130
mayst,130
defend,130
fill,130
pleasd,130
idle,130
becomes,130
silvia.,130
troy,130
adieu,130
salisbury.,130
grumio.,130
sometimes,129
yours.,129
fat,129
ours,129
bones,129
advantage,129
seal,128
thrice,128
sharp,128
name.,128
graces,128
dance,128
oaths,128
malice,128
company.,128
breathe,128
brow,128
colour,128
stephano.,128
ben.,128
englands,128
proper,127
words.,127
rose,127
murder,127
follows,127
loud,127
together.,126
proof,126
welcome.,126
swords,126
reasons,126
ont,126
fought,126
folly,126
creature,126
talbot.,126
red,125
live.,125
manners,125
nose,125
enough.,125
broken,125
cheeks,125
london,125
traitors,124
wicked,124
tower,124
private,124
wrongs,124
vain,124
former,124
humbly,124
none.,124
monstrous,124
norfolk,124
mer.,124
affection,124
laer.,124
edmund,124
safety,123
prisoner,123
off.,123
join,123
blows,123
warlike,122
twill,122
vows,122
heat,122
obey,122
dry,122
minds,122
melancholy,122
damnd,122
grace.,122
natures,122
home.,122
courage,122
hero,122
gremio.,122
cade.,122
meat,121
face.,121
doing,121
grown,121
fury,121
humble,121
beast,121
claim,121
began,121
tot,120
ways,120
wives,120
steel,120
prepare,120
tonight.,120
nights,120
int,120
deserve,120
fear.,120
le,120
daughter.,120
silvia,120
paulina.,120
christian,120
ajax,120
diomedes.,120
wait,119
natural,119
neck,119
end.,119
cries,119
beyond,119
study,118
saying,118
story,118
stones,118
spare,118
deal,118
ladys,118
giving,118
officer.,118
drunk,118
gift,118
easy,118
ones,118
dreadful,118
percy,118
brother.,118
argument,118
clear,118
slender.,118
colours,118
guiderius.,118
hubert.,118
jaques.,118
shepherd,117
request,117
secret,117
legs,117
able,117
cross,117
remain,116
yourselves,116
single,116
song,116
foes,116
food,116
livd,116
mere,116
duchess,116
pistol,116
approach,116
oph.,116
corn.,116
pisanio.,116
polixenes.,116
affairs,116
macbeth,116
alb.,116
belarius.,116
clifford.,116
aaron.,116
bianca,116
sits,115
fond,115
much.,115
offend,115
finger,115
shut,114
priest,114
thief,114
wanton,114
spent,114
thinks,114
wont,114
silver,114
knee,114
fame,114
lawful,114
he.,114
fiend,114
mother.,114
husbands,114
cap.,114
choice,114
volumnia.,114
bids,114
agamemnon.,114
visit,113
post,113
subjects,113
feet,113
kneel,113
indeed.,113
rare,112
stoln,112
senators,112
tribunes,112
six,112
ride,112
wretch,112
rain,112
monster,112
crowns,112
paid,112
hangd,112
horses,112
clouds,112
are.,112
betwixt,112
chain,112
coriolanus,112
hermia.,112
hero.,112
nine,111
receivd,110
remembrance,110
sooner,110
lieutenant,110
hit,110
hence.,110
depart,110
dearest,110
master.,110
ross.,110
clown,110
somerset.,110
lucentio,110
lavinia,110
dumain.,110
athens,110
glass,109
gross,109
reverend,108
spring,108
therein,108
yet.,108
puts,108
still.,108
sword.,108
evil,108
mend,108
heavenly,108
jewel,108
instant,108
dot,108
flourish,108
dinner,108
fail,108
tamora.,108
abroad,108
desdemona,108
cleopatra,108
bianca.,108
juliet,108
holofernes.,108
wide,107
table,107
spite,107
other.,107
memory,107
heels,107
wall,106
summer,106
seat,106
thrust,106
witch.,106
showd,106
worlds,106
particular,106
lovely,106
leisure,106
gain,106
liberty,106
madness,106
lands,106
gallant,106
niece,106
nought,106
number,106
montague,106
bond,106
bare,106
bottom.,106
castle.,106
bed.,106
andronicus,106
fabian.,106
gonzalo.,106
edwards,106
gon.,106
caius.,106
kent,106
helen,106
benedick,106
throne,105
suddenly,105
turns,105
asleep,105
usd,104
seeming,104
sum,104
rascal,104
shepherd.,104
vouchsafe,104
promisd,104
powers,104
weeping,104
virtues,104
tune,104
painted,104
doors,104
hopes,104
goodness,104
forsworn,104
griefs,104
heed,104
discourse,104
miranda.,104
begins,104
bottom,104
romans,104
brings,104
ant,104
condition,104
caliban.,104
lysander.,104
sigh,103
grey,103
mind.,103
delight,103
id,103
stone,102
protest,102
theyll,102
seest,102
wash,102
intend,102
naked,102
gentlewoman,102
pain,102
names,102
fellow.,102
happiness,102
have.,102
durst,102
devils,102
dispatch,102
saturninus.,102
castle,102
blest,102
comes.,102
.,102
charles.,102
thunder,101
sorrows,101
possible,101
see.,101
meant,101
perhaps,101
despite,101
following,101
looking,101
dogs,101
list,101
civil,101
tongue.,100
top,100
swore,100
yare,100
taught,100
withal.,100
vengeance,100
greatest,100
gate,100
party,100
freely,100
fairy,100
forbear,100
richmond,100
arms.,100
consider,100
tybalt,100
church,100
aid,100
exeter,100
aufidius,100
lorenzo.,100
camillo,100
george,100
aeneas.,100
proceed,99
sign,99
own.,99
demand,99
despair,99
answer.,99
womb,98
vice,98
rank,98
wings,98
wake,98
villains,98
shed,98
slender,98
repent,98
leave.,98
denied,98
fourth,98
long.,98
matter.,98
flies,98
hands.,98
first.,98
drops,98
maids,98
peter,98
amen,98
below,98
westmoreland.,98
petruchio,98
rosalind,98
assure,98
theseus.,98
jew,98
alice.,98
lucetta.,98
speaking,97
service.,97
seeing,97
desperate,97
did.,97
before.,97
cause.,97
ransom,96
trial,96
sack,96
winds,96
pound,96
sighs,96
touchd,96
provost,96
wrath,96
storm,96
sickness,96
fight.,96
perfect,96
majesty.,96
perchance,96
dust,96
meeting,96
encounter,96
honour.,96
outward,96
deaths,96
henrys,96
launcelot.,96
exeter.,96
marcius.,96
teeth,95
learned,95
meaning,95
empty,95
appears,95
absence,95
spake,94
sleeping,94
stuff,94
sacred,94
thrive,94
shore,94
don,94
innocent,94
plead,94
knowing,94
deadly,94
early,94
obedience,94
foe,94
fiery,94
breed,94
toby,94
blunt,94
buried,94
blush,94
posthumus,94
bought,94
chide,94
bestow,94
philip.,94
alarum,94
countenance,94
wales,94
aufidius.,94
arviragus.,94
ariel.,94
lysander,94
lewis.,94
tide,93
thinking,93
prize,93
fancy,93
garden,93
ignorant,93
herald,93
hollow,93
constant,93
tidings,92
ship,92
sees,92
raise,92
thinkst,92
voices,92
smell,92
knife,92
envy,92
horns,92
murther,92
dread,92
lords.,92
divine,92
lover,92
knees,92
draws,92
jealous,92
image,92
constable.,92
beggar,92
pucelle.,92
angel,92
bend,92
conduct,92
back.,92
paris.,92
authority,92
counterfeit,92
bassanio,92
diana.,92
spoken,91
to.,91
salt,91
shell,91
rule,91
main,91
for.,91
guess,91
tomorrow.,90
slow,90
thine.,90
treasure,90
truth.,90
strikes,90
straight.,90
field.,90
everything,90
officer,90
ghost,90
frame,90
ease,90
loved,90
plot,90
haply,90
dares,90
loose,90
ends,90
hardly,90
earth.,90
westmoreland,90
pyramus,90
cost,90
venice,90
plantagenet,90
pisanio,90
ros.,90
courtesy,90
burgundy,90
florizel.,90
flavius.,90
tree,89
quality,89
fairly,89
wench,88
sail,88
repair,88
tomb,88
trick,88
streets,88
sides,88
quit,88
skill,88
slander,88
tells,88
hie,88
knaves,88
grave.,88
flight,88
damned,88
falln,88
cure,88
forth.,88
charity,88
according,88
cat,88
bade,88
council,88
anger,88
anon.,88
cap,88
countrys,88
patroclus.,88
imogen,88
chamberlain.,88
casca.,88
ariel,88
enjoy,87
burning,87
credit,87
twelve,86
undertake,86
tot.,86
runs,86
supper,86
undone,86
yourself.,86
queens,86
protector,86
tyrant,86
equal,86
kisses,86
disgrace,86
faces,86
girl,86
em.,86
kindness,86
flood,86
cup,86
modesty,86
mirth,86
moment,86
forces,86
native,86
merit,86
playd,86
beaten,86
ambition,86
tranio,86
captain.,86
bishop,86
bind,86
big,86
humphrey,86
lewis,86
cardinal.,86
gent.,86
luciana.,86
waste,85
solemn,85
pair,85
neighbour,85
mad.,85
attending,85
cease,85
also,85
3.,85
render,84
success,84
reputation,84
unknown,84
returnd,84
shine,84
rest.,84
yond,84
sounds,84
presently.,84
realm,84
seas,84
weigh,84
dying,84
garments,84
greet,84
perforce,84
movd,84
intent,84
methought,84
lions,84
gifts,84
flatter,84
husband.,84
his.,84
devise,84
empress,84
commission,84
afraid,84
bury,84
challenge,84
bow,84
crave,84
mortimer,84
court.,84
banquo.,84
beatrice,84
biondello.,84
longaville.,84
winter,83
window,83
felt,83
laws,83
fish,83
burden,83
birds,83
creatures,83
right.,82
thieves,82
smiles,82
sleep.,82
woes,82
tedious,82
shot,82
feard,82
letter.,82
drown,82
mistress.,82
iron,82
maiden,82
parted,82
followed,82
degree,82
fingers,82
fort,82
fatal,82
ducats,82
fairest,82
moe,82
apt,82
quince.,82
contempt,82
belike,82
trinculo.,82
venice.,82
affections,82
bark,82
aumerle.,82
hermia,82
enobarbus,82
helena,82
sends,81
policy,81
offended,81
limbs,81
finds,81
line,81
tarry,80
whoreson,80
wrought,80
stay.,80
substance,80
throat,80
wants,80
warm,80
woman.,80
sisters,80
servd,80
tread,80
violent,80
triumph,80
weight,80
flowers,80
estate,80
play.,80
ghost.,80
mayor,80
henceforth,80
nobles,80
else.,80
execution,80
firm,80
kinsman,80
ont.,80
favours,80
grieve,80
minute,80
account,80
orlando,80
othello,80
sebastian,80
blessing,80
alonso.,80
malcolm.,80
hortensio,80
alcibiades.,80
catesby,80
prisoners,79
written,79
maintain,79
hers,79
im,79
except,79
oclock,79
edge,79
attended,79
better.,79
sooth,78
root,78
sins,78
proclaim,78
wishd,78
witch,78
tut,78
weeds,78
shortly,78
wrong.,78
star,78
drownd,78
monsieur,78
lust,78
fort.,78
dreams,78
frown,78
fierce,78
fate,78
patience.,78
armour,78
timons,78
bodies,78
add,78
alls,78
constable,78
nestor.,78
beauteous,78
bred,78
thurio.,78
alarum.,78
orleans,78
oliver.,78
francis,78
laertes,78
ran,77
crown.,77
numbers,77
figure,77
hid,77
ear.,77
mistake,77
hat,77
fits,77
bite,77
advise,77
special,76
stronger,76
sentence,76
regard,76
sore,76
wears,76
thus.,76
ripe,76
eye.,76
music.,76
faith.,76
lean,76
dishonour,76
forsooth,76
gaunt,76
followers,76
dwell,76
desert,76
disposition,76
custom,76
doom,76
entertain,76
heaven.,76
hateful,76
midnight,76
nerissa.,76
oxford,76
acquainted,76
chaste,76
bird,76
brows,76
business.,76
barren,76
brains,76
by.,76
osw.,76
malvolio,76
aaron,76
lepidus.,76
youre,75
sat,75
amongst,75
advice,75
taking,74
staff,74
reverence,74
reason.,74
sell,74
willing,74
stain,74
possessd,74
wit.,74
war.,74
summers,74
stroke,74
s,74
hostess,74
mars,74
dumb,74
land.,74
follow.,74
grey.,74
drums,74
habit,74
glorious,74
fairer,74
friendship,74
hangs,74
betray,74
winchester,74
apparel,74
conceit,74
avoid,74
nym.,74
menas.,74
commit,74
abuse,74
contrary,74
armd,74
bounty,74
cupid,74
maria,74
bora.,74
silence.,73
pour,73
unhappy,73
suppose,73
passing,73
others.,73
months,73
further.,73
part.,73
best.,73
sirs,72
sought,72
slew,72
revolt,72
sleeps,72
suspect,72
utter,72
smooth,72
stranger,72
surely,72
unworthy,72
store,72
rotten,72
search,72
seemd,72
flower,72
month,72
crownd,72
device,72
mouths,72
passd,72
passage,72
poet.,72
fairies,72
deservd,72
familiar,72
ambitious,72
cade,72
assurd,72
clothes,72
content.,72
behalf,72
attendants.,72
countrymen,72
benefit,72
puck.,72
banish,72
senate,72
adieu.,72
accuse,72
doll.,72
hal,72
lear,72
dramatis,72
hugh,72
arthur,72
eros,72
england.,72
constance.,72
baptista,72
hermione.,72
remains,71
drew,71
drive,71
places,71
perform,71
aim,71
arise,71
remedy,70
serves,70
savage,70
whip,70
season,70
sheep,70
sweat,70
tempest,70
tailor,70
slaves,70
infinite,70
crying,70
eternal,70
keeper.,70
partly,70
difference,70
hazard,70
peers,70
merchant,70
elder,70
een,70
east,70
darst,70
marks,70
huge,70
cave,70
apart,70
body.,70
archbishop.,70
abide,70
wor.,70
tamora,70
archbishop,70
agamemnon,70
charmian,70
gloucesters,70
hubert,70
katherine.,70
stays,69
was.,69
practice,69
trees,69
purpose.,69
pocket,69
hanging,69
express,69
feeling,69
farther,69
discover,69
darkness,69
afterwards,69
bent,69
blown,69
tame,68
reading,68
today.,68
wounded,68
saucy,68
sway,68
tall,68
urge,68
satisfied,68
rob,68
rivers,68
weapons,68
whore,68
wrongd,68
thereof,68
envious,68
pen,68
dearly,68
modest,68
dagger,68
odds,68
fortune.,68
deceivd,68
hall,68
dew,68
ignorance,68
picture,68
kingdoms,68
lusty,68
gown,68
dinner.,68
art.,68
amen.,68
thisby,68
mowbray.,68
carried,68
awhile.,68
personae,68
convey,68
scotland,68
another.,68
portia,68
costard,68
complexion,68
pucelle,68
horatio,68
dauphin.,68
launcelot,68
jupiter,68
burgundy.,68
profit,67
pause,67
mischief,67
faint,67
ground.,67
travel,66
slept,66
senses,66
temper,66
unnatural,66
sky,66
wondrous,66
worn,66
spur,66
widow.,66
trade,66
prayer,66
pursue,66
sold,66
strive,66
shall.,66
stayd,66
tears.,66
snow,66
withdraw,66
start,66
gold.,66
honey,66
mass,66
eight,66
object,66
direct,66
nobly,66
enforce,66
enemy.,66
hill,66
groans,66
peril,66
friendly,66
murtherer.,66
ever.,66
pleasure.,66
deserves,66
isle,66
impossible,66
mar.,66
marvel,66
et,66
jealousy,66
bravely,66
commanded,66
access,66
orleans.,66
child.,66
confound,66
cares,66
appetite,66
aside.,66
windsor,66
armed,66
already.,66
captains,66
gower.,66
aeneas,66
brabantio.,66
douglas,66
lodovico.,66
julia,66
egypt,66
berowne,66
sight.,65
silent,65
states,65
shook,65
rock,65
lines,65
key,65
cur,65
north,65
knocking,65
elbow.,65
books,65
continue,65
chair,65
winters,64
sitting,64
scape,64
press,64
soothsayer.,64
purposes,64
sixth,64
provide,64
wed,64
renowned,64
vantage,64
soul.,64
stoop,64
villainy,64
news.,64
dozen,64
debt,64
minister,64
faithful,64
ins,64
liest,64
plays,64
hour.,64
handkerchief,64
nature.,64
messengers,64
hell.,64
observe,64
hereafter,64
honourd,64
money.,64
enemies.,64
doctor.,64
nephew,64
nice,64
lip,64
babe,64
senior.,64
acquaintance,64
am.,64
boast,64
beshrew,64
ulysses,64
amiss,64
companion,64
plantagenet.,64
charm,64
stanley,64
messala.,64
menenius,64
thurio,64
salerio.,64
advance,64
troyan,64
alike,64
angels,64
hercules,64
agrippa.,64
grecian,64
hamlet.,64
cominius,64
lepidus,64
catesby.,64
cor.,64
standing,63
services,63
grew,63
itself.,63
leg,63
fright,63
bore,63
air.,63
speakst,62
shapes,62
turning,62
possession,62
younger,62
return.,62
troubled,62
tempt,62
resolvd,62
seize,62
smiling,62
visage,62
prey,62
stage,62
youthful,62
gaunt.,62
physic,62
fore,62
growing,62
fly.,62
muse,62
deer,62
painter.,62
height,62
mightst,62
notice,62
morn,62
misery,62
light.,62
fifty,62
leads,62
earthly,62
joyful,62
horse.,62
haste.,62
mount,62
fruit,62
falsehood,62
knights,62
heartily,62
instrument,62
daily,62
gait,62
dont,62
humours,62
lost.,62
cursed,62
gentlemen.,62
robert,62
belly,62
answerd,62
breach,62
coming.,62
certainly,62
ay.,62
syracuse,62
beasts,62
oberon.,62
chase,62
hereford,62
gremio,62
mariana.,62
biondello,62
lorenzo,62
katherine,62
ferdinand.,62
jessica,62
received,61
odd,61
length,61
pleasant,61
fifth,61
gently,61
lately,61
clock,61
committed,61
called,61
stomach,60
stern,60
ruin,60
rid,60
rash,60
robin,60
wolf,60
rate,60
pomp,60
willingly,60
roses,60
whereon,60
wholesome,60
refuse,60
rebels,60
suits,60
step,60
towns,60
slight,60
work.,60
torment,60
newly,60
necessity,60
park,60
dish,60
nobility,60
earnest,60
fox,60
miserable,60
glove,60
league,60
mouse,60
lamb,60
hairs,60
pluckd,60
may.,60
lying,60
gar,60
pitch,60
directly,60
meantime,60
loath,60
coz,60
couldst,60
banished,60
bar,60
beautys,60
outlaw.,60
condemnd,60
appointed,60
absent,60
calm,60
absolute,60
changd,60
commons,60
poins,60
chiron.,60
grumio,60
bertram,60
goths,60
capitol,60
aumerle,60
bassianus,60
question.,59
tricks,59
sound.,59
west,59
secure,59
retire,59
houses,59
lives.,59
increase,59
banquet,59
caught,59
corrupt,59
gutenbergtm,59
satisfaction,58
stick,58
zeal,58
reign,58
pronounce,58
signs,58
rebellion,58
singing,58
toil,58
virgin,58
powr,58
said.,58
troops,58
shadows,58
sour,58
thyself.,58
prologue,58
subtle,58
victory,58
running,58
tyranny,58
lent,58
famous,58
disdain,58
monument,58
kin,58
points,58
learning,58
hunt,58
performd,58
fed,58
feeble,58
liege.,58
door.,58
guarded,58
knit,58
higher,58
pardon.,58
honor,58
kindly,58
groan,58
lays,58
displeasure,58
patroclus,58
pandarus,58
can.,58
beats,58
band,58
regan,58
circumstance,58
conquest,58
bleeding,58
camst,58
beside,58
wales.,58
roderigo,58
bell,58
parolles,58
serv.,58
bawd,58
cool,58
cowards,58
isabella,58
greek,58
leonato,58
gratiano,58
jaques,58
guil.,58
ephesus,58
italy,58
think.,57
verse,57
seldom,57
remove,57
spread,57
thrown,57
sink,57
granted,57
interest,57
otherwise,57
little.,57
language,57
disease,57
kills,57
pace,57
beloved,57
4.,57
stream,56
strain,56
rescue,56
state.,56
vessel,56
shines,56
wot,56
revengd,56
wishes,56
twain,56
terror,56
talkd,56
prick,56
rouse,56
rail,56
rhyme,56
sets,56
tremble,56
shame.,56
whisper,56
steward,56
wills,56
share,56
sceptre,56
mountain,56
giddy,56
forfeit,56
inward,56
je,56
needful,56
foreign,56
loyal,56
mile,56
defy,56
persuade,56
petty,56
happily,56
deliverd,56
dignity,56
expect,56
devil.,56
players,56
item,56
exchange,56
moved,56
freedom,56
discharge,56
pleasures,56
pieces,56
deed.,56
pierce,56
thane,56
born.,56
cell,56
naples,56
allow,56
bosoms,56
beware,56
addition,56
conjure,56
surrey.,56
vincentio.,56
williams.,56
check,56
cover,56
corn,56
conclude,56
breaks,56
thersites,56
assurance,56
winchester.,56
phebe.,56
beggars,56
busy,56
added,56
eros.,56
cymbeline,56
adam,56
greeks,56
britain,56
jessica.,56
casca,56
katherina,56
apemantus,56
thick,55
venture,55
wept,55
reach,55
supply,55
delay,55
hated,55
accept,55
attempt,55
burst,55
wing,54
unfold,54
yellow,54
tried,54
shown,54
spit,54
threw,54
scurvy,54
task,54
purchase,54
scope,54
thoughts.,54
steps,54
praises,54
weeps,54
provd,54
turtle,54
upon.,54
privilege,54
wisely,54
touching,54
torture,54
yoke,54
wifes,54
troop,54
sue,54
possess,54
lie.,54
oh,54
learnd,54
palm,54
horn,54
mess.,54
merely,54
fares,54
instruments,54
fee,54
ought,54
phrase,54
fire.,54
pinch,54
pitiful,54
offices,54
hue,54
lesser,54
lights,54
knot,54
error,54
guest,54
matters,54
exceeding,54
hear.,54
entertainment,54
graves,54
easily,54
mild,54
ope,54
forty,54
ladyship,54
chamber.,54
troy.,54
compass,54
age.,54
coat,54
approve,54
milan,54
bleed,54
arrest,54
confirm,54
virgilia.,54
beheld,54
befall,54
boot,54
nerissa,54
alencon,54
banquo,54
ireland,54
looked,53
example,53
people.,53
joys,53
ink,53
leap,53
manage,53
vi.,53
agree,53
wink,52
tend,52
sweetly,52
resolve,52
power.,52
sake.,52
villain.,52
satisfy,52
spleen,52
slay,52
urgd,52
revenge.,52
veins,52
touches,52
whateer,52
shoulder,52
woeful,52
telling,52
strongly,52
praisd,52
reward,52
goddess,52
island,52
likes,52
falling,52
harsh,52
kissd,52
peevish,52
invention,52
deceive,52
moral,52
parting,52
nation,52
dote,52
eldest,52
current,52
defence,52
delicate,52
forswear,52
mourn,52
mar,52
metal,52
lovst,52
forcd,52
esteem,52
enterprise,52
guard.,52
honest.,52
markd,52
herein,52
mockd,52
liberal,52
hears,52
begun,52
beholding,52
prospero,52
polixenes,52
perdita.,52
reignier,52
stanley.,52
commands,52
nestor,52
nym,52
peter.,52
audience,52
afeard,52
william.,52
bride,52
silvius.,52
burns,52
octavius,52
stephano,52
shylock,52
banishment,52
mowbray,52
marg.,52
cressid,52
cordelia,52
bedford.,52
diomed,52
davy,52
hermione,52
diomedes,52
speech.,51
tied,51
talking,51
wore,51
shoulders,51
undo,51
instance,51
hung,51
guilt,51
level,51
human,51
leaving,51
distance,51
likely,51
creep,51
contract,51
bottle,51
youth.,50
space,50
twould,50
sweetest,50
profess,50
thereby,50
roar,50
spirit.,50
shrewd,50
whereto,50
seald,50
safely,50
terrible,50
temple,50
wipe,50
shepherds,50
score,50
weapon,50
rejoice,50
term,50
spurn,50
sole,50
gall,50
obedient,50
merchant.,50
luck,50
laughd,50
kings.,50
lockd,50
mettle,50
once.,50
hole,50
fields,50
lies.,50
neither.,50
dame,50
lad,50
instruct,50
hope.,50
jewels,50
grandam,50
dies.,50
cuckold,50
kingly,50
message,50
ocean,50
likewise,50
cardinals,50
crow,50
amazd,50
aged,50
osr.,50
anothers,50
became,50
ambassador,50
combat,50
sly.,50
command.,50
ratcliff,50
breaking,50
askd,50
titinius,50
corse,50
chargd,50
courtier,50
aspect,50
fenton.,50
bohemia,50
goneril,50
joan,50
andrew,50
lennox.,50
cloten,50
agrippa,50
arthur.,50
waters,49
thing.,49
preserve,49
themselves.,49
setting,49
song.,49
week,49
signify,49
yesterday,49
shade,49
value,49
walks,49
theirs,49
hungry,49
made.,49
discretion,49
lift,49
govern,49
breath.,49
edgar,49
prevent,48
senseless,48
porter,48
ruld,48
serpent,48
ready.,48
stale,48
siege,48
remedy.,48
praise.,48
wreck,48
rabbit,48
raisd,48
tent.,48
selfsame,48
spy,48
ugly,48
stubborn,48
price,48
resolution,48
treacherous,48
seeking,48
zounds,48
remorse,48
prepard,48
stabs,48
sister.,48
pearl,48
forsake,48
drinks,48
days.,48
divide,48
immortal,48
imagination,48
parliament,48
hap,48
lordship.,48
gaze,48
invisible,48
kiss.,48
parties,48
curses,48
grief.,48
nails,48
garter,48
intelligence,48
int.,48
ill.,48
delivered,48
musicians,48
owes,48
dine,48
game,48
flow,48
kindred,48
melt,48
meet.,48
justly,48
pays,48
ours.,48
cousins,48
paulina,48
simple.,48
walter,48
titania.,48
borrow,48
cloak,48
after.,48
conclusion,48
romes,48
begot,48
rivers.,48
ophelia,48
commonwealth,48
admit,48
breeding,48
charge.,48
box,48
olivia,48
chamberlain,48
apparent,48
county,48
padua,48
carries,48
advisd,48
rosencrantz,48
dick.,48
glend.,48
montano.,48
capulet,48
macduff,48
hectors,48
cinna.,48
corin.,48
vulgar,47
royalty,47
thirty,47
rightly,47
putting,47
proceed.,47
south,47
march.,47
gather,47
near.,47
however,47
noted,47
minutes,47
killing,47
elements,47
course.,47
confusion,47
conditions,47
changes,47
strumpet,46
soil,46
theme,46
sorrow.,46
slaughter,46
ragged,46
shift,46
wax,46
wooing,46
stole,46
wars.,46
tell.,46
prison.,46
proportion,46
titles,46
woe.,46
recover,46
writes,46
redress,46
token,46
suit.,46
staind,46
voice.,46
youngest,46
tribute,46
swears,46
seeks,46
thin,46
redeem,46
washd,46
treasons,46
roaring,46
things.,46
society,46
suspicion,46
grievous,46
perjurd,46
hare,46
evermore,46
grandsire,46
dear.,46
ended,46
knowest,46
forms,46
nobleman,46
miss,46
manhood,46
poet,46
pawn,46
fair.,46
gaoler,46
evils,46
knight.,46
filld,46
inform,46
fearing,46
effects,46
ons,46
kissing,46
dismiss,46
followd,46
worcester,46
aloud,46
counts,46
beguile,46
beggd,46
reignier.,46
varros,46
ashamd,46
cock,46
crack,46
cloud,46
choler,46
censure,46
behaviour,46
par.,46
pandulph.,46
build,46
bay,46
michael,46
comforts,46
tom,46
altogether,46
nathaniel.,46
boots,46
octavia,46
bodys,46
basket,46
publius,46
craves,46
dorset,46
leontes,46
lartius.,46
britain.,46
dolabella.,46
iras,46
gardiner.,46
belarius,46
sounded,45
writing,45
worse.,45
pleasing,45
piteous,45
late.,45
holding,45
determine,45
lips.,45
flame,45
pack,45
miles,45
beds,45
climb,45
actions,45
clean,45
begin.,45
suitor,44
throws,44
serious,44
sensible,44
youd,44
suck,44
promises,44
scruple,44
rush,44
tush,44
poverty,44
speeches,44
record,44
repose,44
with.,44
waking,44
shoot,44
report.,44
thanks.,44
wail,44
stamp,44
willt,44
unkind,44
rebel,44
ring.,44
yielded,44
requite,44
pox,44
weakness,44
sting,44
strife,44
joind,44
lads,44
pate,44
old.,44
imperial,44
goose,44
horrible,44
perish,44
employd,44
guide,44
deaf,44
hideous,44
knocks,44
makst,44
plant,44
keeping,44
lament,44
curst,44
playing,44
maid.,44
moth,44
exile,44
doublet,44
dispose,44
doubtful,44
employ,44
dam,44
flat,44
parley,44
loyalty,44
fever,44
divers,44
mercy.,44
middle,44
fixd,44
moon.,44
mountains,44
hey,44
ears.,44
laughter,44
hourly,44
flattery,44
ourself,44
charms,44
philip,44
ass.,44
corporal,44
battles,44
surrey,44
allegiance,44
volsces,44
create,44
aunt,44
beginning,44
ceremony,44
contented,44
acquaint,44
bill,44
breathing,44
mortimer.,44
verona,44
contents,44
amorous,44
aloft,44
conceive,44
attendant,44
converse,44
beams,44
compare,44
juliet.,44
chiron,44
con.,44
fran.,44
katharine,44
cressida,44
cromwell.,44
cranmer.,44
ant.,44
helen.,44
cromwell,44
elinor.,44
bedford,44
alexander,44
curtis.,44
ferdinand,44
lovell.,44
athenian,44
rights,43
unjust,43
print,43
upright,43
sun.,43
push,43
losing,43
eats,43
law.,43
milk,43
like.,43
affect,43
acts,43
spoil,42
servingman.,42
varlet,42
stuck,42
side.,42
strangely,42
strange.,42
rogues,42
wedding,42
throats,42
tale.,42
riches,42
religious,42
weep.,42
worms,42
stand.,42
trunk,42
slain.,42
womens,42
quench,42
swain,42
sinews,42
powrs,42
prosper,42
secrets,42
ships,42
prevail,42
swearing,42
severally,42
presume,42
rapier,42
thither.,42
wonderful,42
scorns,42
everlasting,42
furnish,42
please.,42
les,42
keen,42
free.,42
offences,42
filthy,42
ministers,42
herself.,42
deputy,42
miracle,42
fires,42
fall.,42
dress,42
heirs,42
history,42
front,42
curious,42
dearer,42
nightly,42
morning.,42
divorce,42
mongst,42
joy.,42
dispatch.,42
disguised,42
nimble,42
pains.,42
peoples,42
point.,42
notes,42
kneels,42
gilded,42
notwithstanding,42
less.,42
neglect,42
forehead,42
flout,42
descend,42
pit,42
grieves,42
beget,42
appeard,42
priam,42
aboard,42
octavius.,42
bidding,42
alive.,42
breeds,42
betimes,42
crossd,42
babes,42
pembroke,42
conference,42
bowels,42
rosaline,42
countess,42
bethink,42
counsel.,42
bond.,42
blot,42
romeo.,42
wolsey,42
accident,42
bonds,42
bush,42
welsh,42
belovd,42
consul,42
along.,42
octavia.,42
beautiful,42
fenton,42
alencon.,42
jesu,42
elsinore.,42
canterbury.,42
lucio,42
corioli,42
alcibiades,42
dumain,42
frederick.,42
isabel,42
fabian,42
emilia,42
softly,41
turned,41
school,41
verses,41
require,41
smoke,41
lark,41
livery,41
knave.,41
opposite,41
feather,41
journey,41
getting,41
lower,41
burnt,41
concerns,41
afford,41
hatter,41
t.,40
stock,40
shoes,40
prevaild,40
wenches,40
sad.,40
shield,40
preparation,40
worships,40
virginity,40
traitor.,40
proclaimd,40
thought.,40
robbd,40
resign,40
prisoner.,40
sea.,40
unkindness,40
thart,40
worm,40
river,40
porter.,40
servingman,40
witherd,40
tyrants,40
trifle,40
willow,40
vous,40
shun,40
sadness,40
prosperous,40
wanting,40
sith,40
prefer,40
treachery,40
sufferd,40
weather,40
trim,40
shames,40
ingratitude,40
pernicious,40
drinking,40
extremity,40
goods,40
heels.,40
hounds,40
painting,40
persuaded,40
nest,40
mood,40
infected,40
guiltless,40
innocence,40
emperors,40
dainty,40
lieutenant.,40
oak,40
dot.,40
file,40
longer.,40
legions,40
flint,40
dukedom,40
mocks,40
liberty.,40
intended,40
dat,40
dull.,40
excellence,40
general.,40
desird,40
lodge,40
nobler,40
mourning,40
perfection,40
infection,40
crowned,40
imagine,40
lightning,40
cook,40
comst,40
copy,40
abusd,40
amity,40
afar,40
breathd,40
courteous,40
careful,40
accusd,40
pembroke.,40
theseus,40
pedant.,40
bear.,40
ratcliff.,40
afoot,40
answers,40
rugby,40
polonius.,40
comfort.,40
samp.,40
brown,40
at.,40
blue,40
viola,40
venus,40
beastly,40
albans,40
ber.,40
cupids,40
leonatus,40
gower,40
lucilius,40
iras.,40
glendower,40
blunt.,40
gryphon,40
evans,40
hotspur,40
use.,39
wander,39
waiting,39
tie,39
plainly,39
lock,39
dream.,39
expectation,39
moving,39
paper.,39
merrily,39
deserved,39
experience,39
offers,39
chin,39
beating,39
attends,39
assist,39
backs,39
canterbury,39
5.,39
voyage,38
speedy,38
utmost,38
stocks,38
strangers,38
wet,38
while.,38
robes,38
rites,38
remembred,38
regent,38
raging,38
vex,38
trembling,38
usurp,38
richer,38
replied,38
robe,38
whipt,38
produce,38
retreat,38
quarter,38
purge,38
wager,38
prodigal,38
untimely,38
strokes,38
renown,38
stoppd,38
quarrels,38
savd,38
working,38
show.,38
sickly,38
semblance,38
steward.,38
rot,38
windows,38
ladies.,38
fleet,38
dove,38
physician,38
diseases,38
eagle,38
dangers,38
mischance,38
destroy,38
drunken,38
future,38
load,38
divided,38
likeness,38
peasant,38
dormouse,38
forthwith,38
garland,38
invite,38
injury,38
dreamt,38
hasty,38
palace.,38
mouth.,38
moves,38
date,38
hates,38
etc.,38
faction,38
last.,38
estimation,38
cuckoo,38
moreover,38
harm.,38
lungs,38
keeper,38
jot,38
division,38
marching,38
fan,38
destruction,38
perpetual,38
orchard,38
deserts,38
narrow,38
fourteen,38
false.,38
evn,38
oracle,38
crest,38
coin,38
vincentio,38
borrowed,38
affliction,38
bounds,38
bending,38
mayor.,38
car.,38
couch,38
bread,38
ashes,38
romeos,38
richards,38
adventure,38
bootless,38
clerk,38
canker,38
solanio.,38
sicinius,38
urs.,38
puck,38
baby,38
trinculo,38
chose,38
blessings,38
abbey,38
counsels,38
certain.,38
blushing,38
courtesy.,38
chosen,38
malcolm,38
cornwall,38
boyet,38
duncan.,38
caliban,38
doug.,38
leonatos,38
gobbo.,38
fluellen,38
jew.,38
antigonus.,38
lafeu,38
seemed,37
removed,37
rising,37
tired,37
promised,37
pity.,37
lodging,37
leading,37
flock,37
persons,37
foot.,37
lived,37
dancing,37
instantly,37
especially,37
execute,37
owl,37
conqueror,37
bringing,37
anything.,37
vii.,37
brass,37
vanity,36
thourt,36
uncles,36
process,36
shout,36
sport.,36
skin,36
presented,36
suns,36
ye.,36
procure,36
stretch,36
potent,36
swear.,36
sure.,36
sick.,36
watchd,36
slanders,36
slip,36
practise,36
stabbd,36
widows,36
surety,36
sup,36
wheel,36
thou.,36
unseen,36
tales,36
salute,36
proves,36
trusty,36
shores,36
proceeding,36
torch,36
reasonable,36
wind.,36
uncle.,36
prophesy,36
victory.,36
respects,36
priests,36
stout,36
upont,36
tooth,36
wearing,36
recompense,36
weed,36
import,36
decay,36
duties,36
marketplace,36
pine,36
hose,36
found.,36
disguise,36
marshal,36
elbow,36
dismal,36
favour.,36
harbour,36
known.,36
danger.,36
flattering,36
passions,36
gallows,36
help.,36
neighbours,36
locks,36
nod,36
intents,36
fault.,36
escape,36
petition,36
noblest,36
liking,36
murderer,36
frowns,36
governor,36
evening,36
election,36
dowry,36
meddle,36
marvellous,36
gaoler.,36
joints,36
entred,36
person.,36
nobody,36
eleven,36
employment,36
infect,36
died.,36
inn,36
minion,36
forlorn,36
lap,36
expedition,36
patricians,36
c.,36
richmond.,36
cherish,36
accursed,36
sandys.,36
verg.,36
milford,36
afternoon,36
butcher,36
crackd,36
created,36
beneath,36
bosom.,36
montague.,36
craft,36
contain,36
consequence,36
roman.,36
barbarous,36
bliss,36
simpcox.,36
care.,36
acknowledge,36
pedro,36
silvius,36
rousillon,36
ago,36
scroop,36
percy.,36
closet,36
phebe,36
alexas,36
alexandria.,36
davy.,36
apollo,36
longaville,36
beaufort,36
lovell,36
duncan,36
guildenstern,36
anjou,36
lartius,36
angiers,36
cawdor,36
maine,36
ive,36
escalus,36
iachimo,36
understanding,35
settled,35
strict,35
tail,35
three.,35
wag,35
sadly,35
roof,35
tone,35
opportunity,35
impatient,35
instead,35
during,35
finding,35
eaten,35
figures,35
fighting,35
expense,35
gloves,35
fixed,35
guests,35
event,35
nearer,35
est,35
couple,35
charitable,35
approach.,35
condemn,35
thread,34
sovereignty,34
sullen,34
sufficient,34
witchcraft,34
suitors,34
swell,34
statue,34
servants.,34
smallest,34
stirring,34
punish,34
stab,34
worser,34
silk,34
pride.,34
reports,34
wall.,34
sails,34
relish,34
violence,34
prays,34
que,34
walkd,34
sheriff,34
wakd,34
venom,34
restore,34
scarcely,34
threatning,34
safer,34
precedent,34
rocks,34
sire,34
undergo,34
supposed,34
qualities,34
haunt,34
drowsy,34
joint,34
outlive,34
jests,34
devotion,34
dire,34
feast.,34
patient.,34
parents,34
disposd,34
garment,34
lechery,34
injuries,34
excursions.,34
female,34
pin,34
dwells,34
looks.,34
different,34
falsely,34
ghosts,34
necessary,34
froth,34
idly,34
penny,34
nuptial,34
despise,34
perjury,34
past.,34
mistook,34
holp,34
oppose,34
hire,34
duty.,34
placd,34
hides,34
grain,34
naught,34
office.,34
mantle,34
government,34
lief,34
heinous,34
monarch,34
need.,34
integrity,34
dispatchd,34
damn,34
briefly,34
vernon.,34
padua.,34
amends,34
boar,34
ape,34
byr,34
oxford.,34
cousin.,34
country.,34
bald,34
broad,34
aloof,34
awe,34
belongs,34
caps,34
talbots,34
conquer,34
bondage,34
compound,34
anointed,34
apprehend,34
bait,34
abhor,34
ned,34
ages,34
menelaus,34
board,34
tyb.,34
crimes,34
bounteous,34
confessd,34
ross,34
convenient,34
carriage,34
chid,34
flavius,34
abbess.,34
aegeon.,34
lavinia.,34
ely.,34
austria.,34
diana,34
athens.,34
gads.,34
cesario,34
beau.,34
celia,34
audrey.,34
cleopatras,34
juno,34
maecenas.,34
judas,34
julius,34
guiderius,34
joves,34
water.,33
rises,33
size,33
outside,33
fifteen,33
means.,33
harmless,33
deeply,33
entrance,33
paint,33
pleases,33
listen,33
multitude,33
angry.,33
choke,33
belong,33
surprisd,32
worthless,32
returns,32
rags,32
sung,32
thereto,32
showing,32
trespass,32
revels,32
wedded,32
revel,32
punishment,32
usurping,32
punishd,32
tainted,32
race,32
spurs,32
swelling,32
sin.,32
soldiers.,32
sans,32
profane,32
sights,32
stops,32
pole,32
vassal,32
prevented,32
wasted,32
stuffd,32
thoult,32
reply,32
scourge,32
silken,32
rascals,32
vent,32
she.,32
sailors,32
rated,32
stealing,32
two.,32
standst,32
rue,32
sleeve,32
thousands,32
unlike,32
sacrifice,32
sober,32
sly,32
presence.,32
weret,32
vain.,32
governd,32
hearts.,32
dram,32
inch,32
matchd,32
ladder,32
honorable,32
extend,32
flowrs,32
description,32
neck.,32
melted,32
mouldy,32
merry.,32
give.,32
kinsmen,32
loathsome,32
pleaseth,32
kind.,32
deposd,32
ornament,32
pedant,32
grass,32
departure,32
feasts,32
lifes,32
latter,32
enter.,32
pledge,32
cudgel,32
heard.,32
pass.,32
leaden,32
mocking,32
latest,32
hereafter.,32
folly.,32
foundation,32
kneeling,32
cry.,32
detested,32
million,32
empire,32
delights,32
drink.,32
cursd,32
mutiny,32
extreme,32
feeds,32
namd,32
desire.,32
furnishd,32
including,32
diet,32
hatred,32
moonshine,32
household,32
monsters,32
manly,32
pick,32
gods.,32
loss.,32
intends,32
gentlewoman.,32
lofty,32
grossly,32
gilt,32
miseries,32
infant,32
offerd,32
penance,32
pomfret,32
ambassadors,32
salerio,32
cant,32
commodity,32
armado,32
correction,32
tower.,32
bereft,32
cowardly,32
celestial,32
menas,32
behind.,32
commends,32
assured,32
perdita,32
overdone.,32
coats,32
turk,32
capital,32
confident,32
titania,32
corrupted,32
amend,32
rutland,32
city.,32
corruption,32
arrant,32
menelaus.,32
courses,32
backward,32
brethren,32
cold.,32
conveyd,32
allowd,32
courtiers,32
appeal,32
clappd,32
siward.,32
albeit,32
bargain,32
bet,32
car,32
arrivd,32
ventidius,32
branches,32
polonius,32
affected,32
accent,32
candle,32
greece,32
arviragus,32
capulets,32
cinna,32
antenor,32
derby,32
bard.,32
george.,32
covid19,32
alexas.,32
florence,32
hippolyta.,32
audrey,32
denmark,32
dolabella,32
cyprus,32
serpents,31
sugar,31
uses,31
requires,31
sands,31
raven,31
walking,31
whispers,31
repeat,31
ridiculous,31
dried,31
hunting,31
generally,31
immediate,31
heads.,31
faster,31
pages,31
defect,31
executed,31
apply,31
author,31
cheap,31
thursday,31
article,31
clamour,31
boldly,31
calling,31
yes.,30
won.,30
throng,30
whippd,30
same.,30
throwing,30
thorns,30
sheets,30
town.,30
sweets,30
saved,30
steals,30
rumour,30
whit,30
succession,30
toad,30
studied,30
year.,30
shameful,30
sing.,30
yields,30
scars,30
ribs,30
vault,30
region,30
split,30
provoke,30
yourselves.,30
ranks,30
victorious,30
sufferance,30
yon,30
pregnant,30
worldly,30
tragedy,30
villainous,30
support,30
presents,30
sennet.,30
slumber,30
yielding,30
sweeter,30
rend,30
throne.,30
supposd,30
sovereign.,30
seizd,30
tax,30
woods,30
shakes,30
truer,30
witty,30
rode,30
wits.,30
prime,30
style,30
waves,30
saving,30
ruffian,30
what.,30
scot,30
privy,30
tween,30
sex,30
sums,30
profound,30
reproach,30
vilely,30
politic,30
scandal,30
prophet,30
ward,30
ild,30
nuncle,30
drift,30
ones.,30
highly,30
motive,30
peradventure,30
persuasion,30
crows,30
injurious,30
inherit,30
inquire,30
oath.,30
medicine,30
discord,30
mutual,30
gladly,30
cuts,30
offenders,30
informd,30
heel,30
plebeians.,30
moan,30
fled.,30
cruelty,30
enmity,30
lamentable,30
gown.,30
laying,30
plains,30
ice,30
murderers,30
jest.,30
longing,30
generals,30
lame,30
greeting,30
foes.,30
hum,30
pickd,30
note.,30
liver,30
horrid,30
gentleness,30
green.,30
lascivious,30
fortunate,30
frowning,30
degrees,30
obey.,30
madness.,30
hours.,30
madman,30
enforcd,30
naughty,30
devisd,30
full.,30
foe.,30
muster,30
determind,30
happier,30
marriage.,30
license,30
peep,30
demands,30
homely,30
character,30
balm,30
causes,30
antique,30
bona,30
messala,30
ballad,30
breast.,30
bide,30
sicilia,30
action.,30
pyramus.,30
churlish,30
constancy,30
articles,30
phoebus,30
mercutio,30
aye,30
cheerful,30
betrayd,30
compelld,30
stafford,30
alter,30
ample,30
built,30
oliver,30
companions,30
confind,30
airy,30
bully,30
bastards,30
act.,30
careless,30
concluded,30
children.,30
citizens.,30
confine,30
avaunt,30
bank,30
saturnine,30
case.,30
countryman,30
brace,30
bestowd,30
cannon,30
boldness,30
humphreys,30
beatrice.,30
florizel,30
elizabeth,30
bassianus.,30
barnardine,30
doll,30
cornelius.,30
faulconbridge,30
lucilius.,30
bushy,30
greg.,30
fords,30
lucetta,30
jaquenetta.,30
derby.,30
mariana,30
highness.,30
sorts,29
pounds,29
velvet,29
waist,29
swallow,29
subscribe,29
praised,29
vision,29
underneath,29
pope,29
furious,29
pattern,29
limit,29
pitied,29
flying,29
errors,29
direction,29
information,29
owner,29
achieve,29
confer,29
crept,29
corner,29
composition,29
truce,28
pressd,28
proof.,28
shoe,28
proclamation,28
religion,28
tempted,28
welkin,28
powerful,28
taint,28
worth.,28
worship.,28
years.,28
wonders,28
talks,28
steed,28
sustain,28
revenges,28
tailor.,28
starve,28
prickd,28
starts,28
valiant.,28
proudest,28
tavern,28
wrinkles,28
wandring,28
relent,28
women.,28
road,28
prayd,28
virtue.,28
wilt.,28
proved,28
survey,28
property,28
reap,28
rebuke,28
summon,28
thankful,28
swim,28
vices,28
whatsoever,28
steeds,28
rings,28
silly,28
superfluous,28
triumphant,28
swoon,28
wolves,28
sons.,28
stake,28
highest,28
goodman,28
limb,28
nearest,28
helm,28
fruitful,28
fact,28
pillow,28
oppression,28
labouring,28
feeding,28
frantic,28
labour.,28
exercise,28
mart,28
funeral,28
opposd,28
driven,28
ourselves.,28
deeds.,28
merchants,28
herd,28
enforced,28
meed,28
lists,28
judgments,28
engagd,28
lordships,28
earls,28
pain.,28
linen,28
lacks,28
diest,28
impediment,28
occasions,28
mines,28
harvest,28
goest,28
does.,28
digest,28
horror,28
frighted,28
impatience,28
plucks,28
passes,28
judgement,28
groom.,28
curtsy,28
loves.,28
imperious,28
mistrust,28
followers.,28
match.,28
flatterers,28
guards,28
diamond,28
kingdom.,28
habits,28
notable,28
madly,28
discipline,28
function,28
ebb,28
meanest,28
frail,28
honesty.,28
fold,28
descent,28
fellowship,28
helps,28
enters,28
faults.,28
fountain,28
plots,28
peruse,28
forced,28
deceit,28
lose.,28
dissembling,28
gavst,28
homage,28
mankind,28
north.,28
dind,28
heralds,28
haughty,28
neglected,28
merciful,28
oil,28
destiny,28
maidens,28
losses,28
blessd,28
vernon,28
apace,28
bate,28
panthino.,28
appear.,28
watchman.,28
beards,28
banishment.,28
contend,28
oberon,28
bulk,28
advancd,28
calf,28
ad,28
oswald,28
olivias,28
coffin,28
wednesday,28
ado,28
mus.,28
pindarus,28
philario.,28
agreed,28
assay,28
captive,28
bull,28
axe,28
valeria.,28
priams,28
norway,28
beggar.,28
saturninus,28
bachelor,28
bars,28
arts,28
metellus,28
chiefest,28
chastity,28
decius.,28
dian,28
jaquenetta,28
launce,28
blanch,28
italian,28
cassandra.,28
laurence,28
luciana,28
april,28
cambridge,28
britaine,28
lucy.,28
fulvia,28
caphis.,28
gonzalo,28
balthasar,28
campeius.,28
scale,27
progress,27
whoever,27
stockings,27
whereupon,27
theyre,27
universal,27
hush,27
faces.,27
hearing.,27
patiently,27
egg,27
feathers,27
magic,27
meaning.,27
handsome,27
dance.,27
negligence,27
eyelids,27
excess,27
executioner,27
curtain,27
bone,27
circle,27
bills,27
concern,27
coast,27
banks,27
approaches,27
branch,27
appearance,27
english.,27
weighd,26
port,26
worthiest,26
tokens,26
tribune,26
stirrd,26
sergeant,26
shrew,26
watry,26
scholar,26
prate,26
thorough,26
wretches,26
stirs,26
surfeit,26
rests,26
poisond,26
sayest,26
songs,26
troubles,26
receipt,26
sworn.,26
schoolmaster,26
renew,26
shelter,26
receives,26
tardy,26
rightful,26
visitation,26
rape,26
removd,26
street.,26
truant,26
requests,26
valour.,26
purple,26
trumpet.,26
richly,26
stiff,26
swifter,26
springs,26
rehearse,26
warriors,26
prompt,26
rack,26
wrathful,26
wart,26
proverb,26
simply,26
sauce,26
vast,26
reckoning,26
purse.,26
sweep,26
worthily,26
satisfied.,26
recreant,26
tutor,26
tents,26
scratch,26
profession,26
torn,26
rod,26
warrior,26
web,26
somewhat,26
protect,26
scarlet,26
rheum,26
storms,26
trifles,26
seasons,26
saints,26
soundly,26
sirrah.,26
vowd,26
toy,26
tables,26
west.,26
tiger,26
guts,26
fawn,26
pestilence,26
growth,26
drives,26
fates,26
longs,26
landed,26
meets,26
mangled,26
daggers,26
noses,26
fantastical,26
orchard.,26
mingled,26
disguisd,26
hinder,26
liquor,26
hold.,26
daring,26
heal,26
hunger,26
parson,26
mightily,26
gage,26
curs,26
mystery,26
framd,26
model,26
lasting,26
plants,26
marble,26
farthest,26
distracted,26
monster.,26
fourscore,26
debts,26
fertile,26
legs.,26
endeavour,26
hound,26
plagues,26
hers.,26
painter,26
hurt.,26
jades,26
fortunes.,26
forgotten,26
deserving,26
mate,26
hangd.,26
howeer,26
lute,26
opens,26
liest.,26
descended,26
meaner,26
humility,26
period,26
epilogue,26
mask,26
harms,26
patch,26
heavier,26
lowly,26
despised,26
pleased,26
lends,26
despisd,26
opinions,26
eunuch,26
nobleness,26
mounted,26
performance,26
pigeons,26
perilous,26
fights,26
pangs,26
moiety,26
indifferent,26
motions,26
pipe,26
parcel,26
just.,26
interim,26
pastime,26
oblivion,26
gentry,26
dressd,26
fiends,26
exceed,26
penitent,26
imprisonment,26
design,26
importune,26
form.,26
napkin,26
hurts,26
basest,26
nathaniel,26
capable,26
answered,26
adore,26
characters,26
compact,26
clap,26
admirable,26
moor.,26
buds,26
approved,26
milan.,26
beguild,26
mort.,26
montjoy.,26
cities,26
confirmd,26
chances,26
sicilia.,26
blank,26
childrens,26
bigger,26
control,26
clay,26
confession,26
abate,26
proculeius.,26
arm.,26
blame.,26
chorus,26
apace.,26
scroop.,26
burial,26
confidence,26
breakfast,26
arrows,26
church.,26
choice.,26
crooked,26
coldly,26
complain,26
bud,26
ago.,26
coxcomb,26
complaint,26
alarums.,26
camp.,26
baseness,26
mercury,26
concerning,26
cats,26
tullus,26
rey.,26
abused,26
spain,26
topas,26
casket,26
alliance,26
conceal,26
assume,26
warwicks,26
attendant.,26
chambers,26
bloods,26
mopsa.,26
eglamour,26
frenchman,26
capitol.,26
mantua,26
bushy.,26
calchas,26
athenian.,26
humphrey.,26
egypt.,26
cranmer,26
antigonus,26
benedick.,26
horatio.,26
abhorson.,26
lancaster.,26
brabantio,26
leonato.,26
griffith.,26
edgar.,26
hume,26
arthurs,26
frederick,26
mamillius.,26
revenue,25
shaking,25
trial.,25
questions,25
toys,25
threats,25
reported,25
partner,25
opening,25
girls,25
immediately,25
grand,25
denies,25
fills,25
members,25
howling,25
accusation,25
afore,25
continued,25
asking,25
bit,25
assistance,25
applause,25
adverse,25
address,25
traffic,24
succour,24
reproof,24
wilful,24
traind,24
straw,24
present.,24
using,24
reigns,24
shop,24
testimony,24
safety.,24
riot,24
smells,24
turn.,24
resort,24
worthier,24
tigers,24
purposd,24
suffice,24
relief,24
provokd,24
purchasd,24
thunder.,24
remember.,24
wronged,24
upward,24
prosperity,24
wi,24
stomach.,24
rabble,24
toe,24
praising,24
trow,24
thumb,24
rages,24
taket,24
reign.,24
unruly,24
story.,24
posts,24
undone.,24
square,24
solicit,24
sixteen,24
speechless,24
wiser,24
spacious,24
rear,24
pursud,24
rub,24
stomachs,24
vat,24
spent.,24
temples,24
proceeded,24
wench.,24
sinful,24
vouch,24
text,24
strew,24
winged,24
stretchd,24
wring,24
shadow.,24
truly.,24
priest.,24
tyrannous,24
wrinkled,24
worst.,24
relieve,24
wine.,24
trod,24
thence.,24
pull,24
laughing,24
ingrateful,24
dishonoured,24
debate,24
grim,24
instruction,24
encountred,24
humour.,24
grove,24
plainness,24
gallants,24
pilgrimage,24
lackd,24
givet,24
earths,24
ducats.,24
herald.,24
footing,24
meanst,24
handle,24
deceived,24
events,24
only.,24
nigh,24
inches,24
flesh.,24
dower,24
greatly,24
inclind,24
curse.,24
exquisite,24
going.,24
foil,24
outrage,24
gloss,24
lingring,24
deeper,24
gate.,24
gets,24
dim,24
plight,24
nativity,24
hic,24
keepers,24
fowl,24
discontented,24
marquis,24
papers,24
mended,24
feats,24
flames,24
keys,24
levied,24
devilish,24
lily,24
lookst,24
lustre,24
jump,24
mingle,24
malicious,24
disgracd,24
lion.,24
heavily,24
god.,24
err,24
dislike,24
moons,24
feature,24
knavery,24
phoenix,24
hate.,24
fools.,24
infirmity,24
paid.,24
fray,24
jaws,24
pig,24
crystal,24
gild,24
manifest,24
crush,24
merits,24
masters.,24
limited,24
errand,24
permit,24
notorious,24
parts.,24
mates,24
far.,24
leaf,24
piercing,24
married.,24
droppd,24
fasting,24
fence,24
great.,24
heir.,24
murdred,24
drum.,24
montano,24
beauties,24
afflict,24
chiefly,24
bowd,24
above.,24
accidents,24
scarus.,24
bestowed,24
citys,24
contemplation,24
thyreus.,24
caitiff,24
conspiracy,24
bands,24
cowardice,24
champion,24
accursd,24
beest,24
arrested,24
abundance,24
servilius,24
shrewsbury,24
crimson,24
conscience.,24
continent,24
comment,24
westminster,24
birth.,24
nell,24
continual,24
armies,24
commendations,24
courtezan.,24
monmouth,24
attire,24
coronation,24
carrion,24
cradle,24
cozend,24
quince,24
rugby.,24
pompeys,24
thisby.,24
miranda,24
believd,24
beard.,24
nicholas,24
touchstone,24
alterd,24
bishops,24
suffolks,24
breathless,24
bound.,24
tyrrel.,24
verona.,24
butt,24
ver.,24
abominable,24
brag,24
appoint,24
bridegroom,24
titinius.,24
boatswain.,24
fortinbras,24
dorcas.,24
majestys,24
francis.,24
adriana,24
decius,24
constance,24
florentine,24
capt.,24
guildenstern.,24
dieu,24
flaminius.,24
benvolio,24
egyptian,24
bagot,24
cymbelines,24
hecuba,24
ely,24
gallia,24
cyprus.,24
committee,24
bandit.,24
frenchmen,24
chorus.,24
wood.,23
promise.,23
proceedings,23
respect.,23
strings,23
sleepy,23
whatever,23
unfortunate,23
talk.,23
void,23
warning,23
studies,23
shining,23
drawing,23
evidence,23
fashion.,23
gazing,23
derive,23
hed,23
ending,23
hedge,23
insolence,23
measures,23
member,23
eating,23
arguments,23
capacity,23
centre,23
chains,23
b,23
about.,23
asleep.,23
agreement,23
prating,22
sweet.,22
proofs,22
verily,22
taken.,22
skull,22
regal,22
wisdoms,22
scales,22
uncertain,22
raw,22
whereby,22
shirt,22
spoils,22
wither,22
treble,22
villanous,22
pursuit,22
sixpence,22
sings.,22
sheet,22
truths,22
quaint,22
stare,22
realm.,22
unmannerly,22
takst,22
trumpets.,22
ravish,22
tellst,22
quantity,22
sap,22
practices,22
pupil,22
recount,22
rogue.,22
throat.,22
salve,22
restord,22
stranger.,22
vexd,22
thunders,22
whore.,22
tonguetied,22
subdud,22
tickle,22
submit,22
pricks,22
tribunes.,22
reservd,22
torments,22
roard,22
ruthless,22
since.,22
statutes,22
wildly,22
seen.,22
succeed,22
respected,22
wrongs.,22
soothsayer,22
proudly,22
truest,22
twelvemonth,22
rage.,22
vigour,22
stead,22
valued,22
scornd,22
watchful,22
sense.,22
revolted,22
sovereigns,22
tenderness,22
weighty,22
weal,22
trip,22
subject.,22
quality.,22
supper.,22
resolved,22
worthies,22
wise.,22
surly,22
weaker,22
prophecy,22
likelihood,22
damnation,22
ift,22
overthrow,22
pearls,22
injury.,22
plenteous,22
maintaind,22
horsemen,22
mutton,22
lewd,22
lenvoy,22
formal,22
fell.,22
loins,22
il,22
discovery,22
fantasy,22
peer,22
ladyship.,22
pictures,22
offense,22
murdrous,22
lively,22
deformed,22
honors,22
ordinary,22
noon,22
entertaind,22
needless,22
fret,22
oer.,22
lambs,22
hangman,22
frozen,22
peaceful,22
murders,22
cure.,22
plate,22
opposed,22
derivd,22
deck,22
omit,22
grow.,22
eagles,22
peremptory,22
doing.,22
forsworn.,22
holla,22
linger,22
images,22
inconstant,22
depend,22
greets,22
mum,22
lime,22
leek,22
lightly,22
devour,22
paltry,22
motley,22
hearers,22
enragd,22
palate,22
melancholy.,22
fame.,22
famine,22
depends,22
nail,22
labourd,22
displeasure.,22
doom.,22
frank,22
labours,22
gracd,22
humorous,22
epitaph,22
gape,22
falls.,22
gravity,22
exploit,22
pasture,22
musician,22
doting,22
inheritance,22
follies,22
horns.,22
dispersd,22
directed,22
decrees,22
male,22
invited,22
drunkard,22
necks,22
mansion,22
frailty,22
objects,22
defence.,22
important,22
gap,22
justices,22
demand.,22
nymphs,22
liar,22
glance,22
poets,22
entreaties,22
fully,22
haven,22
grievd,22
gentlewomen,22
doors.,22
feet.,22
issue.,22
obscure,22
glories,22
dust.,22
knowt.,22
mounsieur,22
duteous,22
floods,22
moody,22
peck,22
defeat,22
miscarry,22
infants,22
drugs,22
endurd,22
observance,22
hart,22
heaviness,22
ascend,22
circumstances,22
bail,22
construe,22
coffers,22
virgilia,22
betters,22
awakd,22
rouen,22
book.,22
crafty,22
peto,22
balance,22
bones.,22
cheese,22
tubal.,22
cheerly,22
alarums,22
peto.,22
ancestors,22
allay,22
affection.,22
butchers,22
mutius,22
courtier.,22
broils,22
contracted,22
apes,22
bawdy,22
cornets.,22
argues,22
pyrrhus,22
cleave,22
castles,22
bolt,22
sblood,22
anger.,22
blushes,22
confounds,22
volumnia,22
coil,22
beast.,22
block,22
buck,22
blast,22
bankrupt,22
chooseth,22
applaud,22
clamorous,22
changing,22
actors,22
callst,22
venetian,22
stafford.,22
abject,22
boys.,22
costly,22
baser,22
pisa,22
contagious,22
conference.,22
collected,22
carrying,22
commander,22
bows,22
brazen,22
belief,22
bowl,22
bells,22
consort,22
assembled,22
mardian,22
m.,22
albany,22
belmont.,22
adam.,22
isabel.,22
mantua.,22
gertrude,22
clitus.,22
cambio,22
griffith,22
martius.,22
dover,22
britons,22
british,22
maecenas,22
eleanor,22
flaminius,22
berkeley,22
jews,22
iv,22
gardiner,22
lodovico,22
fleance,22
brakenbury.,22
gobbo,22
canidius.,22
dauphins,22
marshal.,22
james,22
corin,22
wrote,21
ravens,21
teaching,21
swallowed,21
protection,21
trot,21
sending,21
profits,21
seals,21
shrink,21
sticks,21
reply.,21
waving,21
room.,21
stool,21
waited,21
snout,21
quietly,21
rules,21
table.,21
dishes,21
lazy,21
dig,21
non,21
pieces.,21
neat,21
nearly,21
fitted,21
minded,21
low.,21
hurried,21
fitness,21
faintly,21
holiday,21
placed,21
modern,21
otherwise.,21
agent,21
array,21
crab,21
comfortable,21
cases,21
latin,21
shroud,20
ungentle,20
quest,20
smith.,20
rushes,20
riotous,20
unlawful,20
severd,20
traveller,20
times.,20
pray.,20
threaten,20
something.,20
sprung,20
vanquishd,20
squire,20
wisest,20
worthiness,20
villany,20
seventh,20
treason.,20
visor,20
subdue,20
such.,20
sanctuary,20
strives,20
soninlaw,20
united,20
tire,20
repute,20
tabor,20
prithee.,20
preferrd,20
rascally,20
scar,20
ruind,20
would.,20
staying,20
prepared,20
thrift,20
prologue.,20
theft,20
purity,20
wheer,20
wave,20
thoudst,20
strife.,20
wish.,20
should.,20
voices.,20
tribe,20
ware,20
spot,20
trace,20
wayward,20
tenour,20
secrecy,20
preferment,20
strewd,20
snake,20
suffers,20
sex.,20
tenth,20
pot,20
safe.,20
virgins,20
ports,20
youths,20
wreckd,20
wonted,20
vein,20
simplicity,20
torches,20
secretly,20
speaks.,20
steep,20
rein,20
wins,20
wary,20
stinking,20
yesternight,20
streams,20
western,20
wealthy,20
twain.,20
retires,20
restraint,20
waits,20
usage,20
troth.,20
steepd,20
sola,20
trimmd,20
taper,20
tune.,20
substitute,20
tomb.,20
wherewith,20
striking,20
scald,20
threefold,20
seet,20
slack,20
sawst,20
servingmen,20
witches,20
repent.,20
snatch,20
trusted,20
rent,20
puissant,20
signal,20
scarf,20
whoeer,20
sighing,20
wakes,20
quake,20
shouts,20
read.,20
spoke.,20
whores,20
walked,20
poisonous,20
harder,20
doubts,20
offence.,20
harmony,20
mark.,20
disperse,20
famishd,20
never.,20
kneeld,20
knives,20
hath.,20
entrails,20
element,20
ewes,20
mean.,20
distress,20
diadem,20
physicians,20
philosophy,20
exactly,20
levy,20
healthful,20
fickle,20
disturb,20
marrying,20
malady,20
ease.,20
degenerate,20
defiance,20
orb,20
hurl,20
dignities,20
curd,20
entreaty,20
girl.,20
dice,20
lodgd,20
influence,20
german,20
discontent,20
parle,20
fashiond,20
drunk.,20
geese,20
open.,20
mess,20
dames,20
dangerous.,20
pale.,20
judges,20
leisure.,20
gates.,20
pay.,20
impression,20
plebeians,20
inclination,20
embassy,20
hiding,20
hook,20
forward.,20
maidenhead,20
entertainment.,20
eke,20
necessities,20
lighted,20
lane,20
judgment.,20
flinty,20
examine,20
fancies,20
daylight,20
particulars,20
paradise,20
dally,20
odious,20
niece.,20
lance,20
instinct,20
headstrong,20
frost,20
factious,20
excellent.,20
debt.,20
hearst,20
incensd,20
mute,20
health.,20
desprate,20
grudge,20
donations,20
leagues,20
delivers,20
dreamd,20
curb,20
expressd,20
pinchd,20
motion.,20
peril.,20
exempt,20
entreats,20
expressly,20
generous,20
knockd,20
even.,20
northern,20
legate,20
loathed,20
impeach,20
fast.,20
look.,20
heave,20
den,20
desired,20
hackd,20
doctors,20
fist,20
dissemble,20
grandfather,20
hastily,20
dishonest,20
parley.,20
martial,20
donet,20
pins,20
gorgeous,20
inferior,20
follower,20
fails,20
faint.,20
pious,20
depart.,20
impart,20
ornaments,20
dispraise,20
depose,20
killd.,20
extremest,20
direction.,20
foolery,20
pointing,20
payment,20
nations,20
excuse.,20
drag,20
crutch,20
folks,20
blossom,20
biting,20
countries,20
bout,20
ask.,20
commandment,20
chokd,20
portias,20
blade,20
arras,20
causd,20
confines,20
brawl,20
adder,20
pet.,20
boistrous,20
philippi,20
call.,20
rosalinde.,20
abuses,20
approbation,20
yorks,20
beads,20
mon.,20
rousillon.,20
quintus,20
alike.,20
contains,20
amazement,20
battle.,20
percys,20
vaughan,20
owen,20
bees,20
budge,20
blows.,20
troyans,20
quintus.,20
condemned,20
authority.,20
volscian,20
cheeks.,20
cell.,20
bridge,20
othellos,20
beadle,20
boars,20
comest,20
antic,20
courageous,20
conspirator.,20
brand,20
army.,20
counsellor,20
cloudy,20
breathes,20
altar,20
abhorrd,20
citizen,20
belie,20
compliment,20
bites,20
asunder,20
tybalts,20
shrewsbury.,20
avouch,20
buzz,20
buried.,20
admiration,20
charity.,20
apprehension,20
contrary.,20
assault,20
allowance,20
beam,20
advised,20
assembly,20
amazed,20
chiding,20
argument.,20
baptistas,20
hippolyta,20
colville,20
barnardine.,20
egeus,20
chatillon,20
amiens.,20
barbary,20
lucullus,20
christendom.,20
dick,20
antonios,20
alonso,20
flute.,20
lennox,20
brakenbury,20
alexander.,20
adrian.,20
cleomenes,20
cassios,20
balth.,20
eastcheap.,20
antonys,20
worm.,19
shillings,19
watching,19
survive,19
speaker,19
seated,19
surprise,19
understood,19
roots,19
posted,19
threat,19
tops,19
heap,19
everywhere,19
exact,19
earnestly,19
hopeful,19
next.,19
hair.,19
indirectly,19
jury,19
increasing,19
passionate,19
knowledge.,19
hiss,19
finish,19
idea,19
indirect,19
idiot,19
gay,19
eager,19
international,19
globe,19
offered,19
arch,19
adding,19
chop,19
clubs,19
break.,19
boon,19
alteration,19
ache,19
creation,19
bag,19
convert,19
balls,19
conflict,19
gregory,19
slightly,18
sequel,18
wondred,18
votre,18
snare,18
suspicion.,18
strengthen,18
talents.,18
scant,18
walk.,18
rust,18
puissance,18
ravishd,18
teeth.,18
strike.,18
sheathe,18
triumphs,18
rides,18
poison.,18
sweetheart,18
rat,18
vicious,18
suffering,18
starvd,18
weapons.,18
security.,18
posterity,18
translate,18
retird,18
preservd,18
spirits.,18
pool,18
warrant.,18
throughly,18
stark,18
wipd,18
scapd,18
testament,18
territories,18
serve.,18
saddle,18
transported,18
young.,18
prelate,18
wishing,18
rout,18
tapster,18
sonnet,18
somebody,18
syllable,18
wonder.,18
remainder,18
thief.,18
quick.,18
wasteful,18
storm.,18
wedlock,18
spotted,18
publish,18
soundly.,18
prayers.,18
usurpd,18
remedies,18
strangeness,18
swords.,18
revive,18
purses,18
sack.,18
ways.,18
swells,18
scroll,18
practisd,18
unfit,18
rebellious,18
sighd,18
rewards,18
probable,18
seemeth,18
shape.,18
provokes,18
prettiest,18
weighs,18
sports,18
starveling,18
reward.,18
shamd,18
withered,18
smild,18
sepulchre,18
yield.,18
these.,18
whet,18
sequent,18
thrive.,18
stately,18
sparks,18
vanish,18
rarely,18
stairs,18
spies,18
royally,18
weather.,18
stings,18
quarterd,18
remuneration,18
tree.,18
recompense.,18
therewithal,18
smack,18
wanted,18
shrewdly,18
supplied,18
surgeon,18
map,18
frankly,18
happen,18
enow,18
hem,18
howl,18
lieu,18
leather,18
ignoble,18
dash,18
mustard,18
doves,18
list.,18
orphans,18
dignity.,18
idleness,18
greetings,18
exceeds,18
deem,18
how.,18
hew,18
mole,18
measurd,18
dunghill,18
enemys,18
dances,18
holiness,18
flatterer,18
mistaken,18
inhabit,18
pageant,18
ecstasy,18
pie,18
ingenious,18
doubt.,18
draught,18
players.,18
lunatic,18
insolent,18
parcels,18
infamy,18
hitherto,18
froward,18
destruction.,18
fife,18
hills,18
jealousies,18
knell,18
hale,18
incline,18
hint,18
execution.,18
ills,18
gentler,18
perceivd,18
giant,18
designs,18
goldsmith,18
fortnight,18
path,18
groaning,18
knighthood,18
dearth,18
impose,18
hearty,18
forever,18
pardond,18
mockery,18
grounds,18
facd,18
least.,18
incense,18
glasses,18
flight.,18
melting,18
large.,18
fitter,18
insulting,18
odds.,18
impudent,18
neighbour.,18
parchment,18
learnt,18
drooping,18
moist,18
liquid,18
imports,18
imitate,18
jeweller.,18
perish.,18
dole,18
event.,18
limits,18
leader,18
decree,18
greasy,18
misled,18
dishonourd,18
generation,18
fresher,18
oman,18
mast,18
left.,18
marchd,18
fruits,18
lead.,18
incensed,18
forfend,18
fit.,18
immediately.,18
noble.,18
indignation,18
plea,18
observation,18
mischief.,18
infancy,18
farther.,18
lick,18
dotage,18
ox,18
fondly,18
dissension,18
forsooth.,18
pawnd,18
must.,18
parentage,18
forswore,18
files,18
patron,18
desires.,18
perdition,18
grieved,18
disloyal,18
mornings,18
make.,18
husbandry,18
four.,18
livers,18
howsoever,18
deliverd.,18
echo,18
cups,18
herbs,18
masque,18
humor,18
plenty,18
overthrown,18
muddy,18
meat.,18
liking.,18
perfume,18
groom,18
oppressd,18
mariners,18
hind,18
marrd,18
enrich,18
enrichd,18
midst,18
emperor.,18
conversation,18
ursula,18
concord,18
crime,18
neptune,18
vienna,18
brake,18
brief.,18
amain,18
blaze,18
varro.,18
salique,18
apple,18
p.,18
tearsheet,18
valeria,18
trebonius.,18
coverd,18
badge,18
advice.,18
carve,18
compulsion,18
bias,18
chides,18
affright,18
alms,18
challengd,18
attain,18
besiege,18
commanding,18
charged,18
abroad.,18
cords,18
amaze,18
navarre,18
chat,18
braver,18
buys,18
nan,18
counted,18
catching,18
alehouse,18
consul.,18
corpse,18
abuse.,18
compassion,18
abusd.,18
beggary,18
roberts,18
publius.,18
confounded,18
brothers.,18
afternoon.,18
tyrrel,18
boat,18
buckram,18
acceptance,18
colour.,18
basely,18
composd,18
behalf.,18
actor,18
bestride,18
cannot.,18
affairs.,18
abhorred,18
could.,18
polydore,18
neptunes,18
canopy,18
turkish,18
audit,18
befits,18
affects,18
sarscov2,18
blind.,18
accord,18
brook.,18
ability,18
aweary,18
siward,18
conquerd,18
adversaries,18
servilius.,18
attach,18
surveyor.,18
solanio,18
churl,18
whitmore.,18
advantage.,18
bondman,18
cleft,18
commended,18
cloth,18
considerd,18
coronet,18
beauty.,18
boughs,18
volsce.,18
ancestors.,18
bequeath,18
blanch.,18
margery,18
capulet.,18
dido,18
birnam,18
iden.,18
glamis,18
coventry,18
dorset.,18
aegeon,18
cicero,18
christian.,18
feeble.,18
aedile.,18
eglamour.,18
falstaffs,18
bal.,18
aemilius,18
cimber,18
edmund.,18
irish,18
flute,18
helenus,18
harfleur,18
froth.,18
helens,18
autolycus,18
6.,18
calais,18
greekish,18
hamlets,18
jerusalem,18
bigot,18
principal,17
where.,17
spell,17
soup,17
wooden,17
tasted,17
readiness,17
shoulders.,17
verdict,17
purposes.,17
window.,17
shriek,17
solemnly,17
voluntary,17
were.,17
round.,17
publicly,17
slippery,17
shore.,17
surge,17
moved.,17
cutting,17
knee.,17
morsel,17
method,17
fainting,17
fun,17
lastly,17
issues,17
hare.,17
footman,17
duck,17
dreaming,17
move.,17
meal,17
fishes,17
offended.,17
folded,17
larger,17
overcome,17
grin,17
expected,17
cope,17
clock.,17
closely,17
viii.,17
checks,17
any.,17
below.,17
animals,17
asked,17
alices,17
wheels,16
raild,16
violet,16
rapiers,16
safest,16
raised,16
returnd.,16
prey.,16
requird,16
wretchedness,16
redemption,16
upbraid,16
tides,16
slippd,16
praying,16
possible.,16
revengeful,16
thereon,16
thereupon,16
strait,16
qualify,16
protectors,16
woful,16
rope,16
suggest,16
rhetoric,16
wrangling,16
win.,16
slips,16
sunshine,16
sparkling,16
pry,16
vaccination,16
proud.,16
precepts,16
usurer,16
retire.,16
radiant,16
worshippd,16
robbers,16
sufferance.,16
rigour,16
sunder,16
tos,16
robs,16
threatned,16
self.,16
prattle,16
strains,16
sooner.,16
powder,16
spectacles,16
rendred,16
rhymes,16
thousand.,16
roll,16
stray,16
servile,16
puppet,16
verity,16
reverent,16
woo.,16
veil,16
travail,16
tearing,16
seats,16
stealth,16
spoken.,16
suburbs,16
shunnd,16
strengths,16
quiet.,16
tapers,16
pulld,16
wrestling,16
solus,16
severe,16
sweeten,16
spark,16
reputed,16
roundly,16
souls.,16
retreat.,16
relation,16
treads,16
wheat,16
wilderness,16
sale,16
vale,16
run.,16
temperate,16
strucken,16
sow,16
poorest,16
tucket,16
preparation.,16
rarest,16
pronouncd,16
winking,16
sleeps.,16
waxen,16
reserve,16
wantst,16
prophecies,16
ungracious,16
suggestion,16
tragic,16
rite,16
uncivil,16
torches.,16
vill,16
sphere,16
railing,16
villainy.,16
temperd,16
post.,16
quicken,16
shaft,16
sacrament,16
prouder,16
transformed,16
steel.,16
remembrance.,16
proclaims,16
puffd,16
tawny,16
spider,16
served,16
returned,16
raiment,16
withhold,16
smart,16
transgression,16
thout,16
staves,16
whips,16
stone.,16
unborn,16
we.,16
swayd,16
s.,16
savour,16
proclaimed,16
tailors,16
strong.,16
sways,16
traitorous,16
vainly,16
wildness,16
sky.,16
speedily,16
poisons,16
swingd,16
timeless,16
striving,16
urging,16
poetry,16
cures,16
lovest,16
humbled,16
detain,16
pleasures.,16
doctrine,16
deliverance,16
damnable,16
jerkin,16
eat.,16
forsook,16
flowers.,16
oration,16
industry,16
hasten,16
halt,16
fooling,16
dealing,16
dard,16
manners.,16
entirely,16
offender,16
mistaking,16
lamp,16
haunts,16
filth,16
oclock.,16
diest.,16
kindle,16
dearly.,16
nephews,16
imprisond,16
luxury,16
packet,16
gripe,16
etexts,16
doubtless,16
majestical,16
frenzy,16
passages,16
effect.,16
hautboys,16
fashions,16
living.,16
likd,16
fleece,16
expedient,16
idol,16
guest.,16
education,16
dischargd,16
harmony.,16
pilgrim,16
newmade,16
gossip,16
plotted,16
merriment,16
distribute,16
mirror,16
pent,16
distressed,16
madmen,16
invest,16
ominous,16
knaves.,16
endure.,16
lineal,16
kites,16
hidden,16
famish,16
downright,16
depending,16
hag,16
misuse,16
pence,16
entreated,16
hard.,16
hunter,16
huntsman,16
deathbed,16
observd,16
lances,16
loppd,16
flatterd,16
neigh,16
detest,16
frosty,16
keepst,16
easier,16
obsequious,16
hanged,16
foils,16
ordinance,16
new.,16
galld,16
crowd,16
inhuman,16
guiltiness,16
incorporate,16
language.,16
heighho,16
dagger.,16
painful,16
distinguish,16
heavy.,16
pless,16
livst,16
harmful,16
opend,16
missd,16
instantly.,16
lease,16
filling,16
declare,16
importing,16
finely,16
disdainful,16
distilld,16
knowt,16
midwife,16
guides,16
elves,16
planet,16
forgd,16
gulf,16
entire,16
endeavours,16
elsewhere,16
delay.,16
dotes,16
devout,16
moneys,16
hits,16
fors,16
mirth.,16
dragon,16
havoc,16
endless,16
morrow.,16
drowning,16
deceasd,16
jet,16
maskers,16
penalty,16
irons,16
goose.,16
dwelling,16
dry.,16
ma,16
planted,16
exclaim,16
niggard,16
hatchd,16
freeze,16
estate.,16
nymph,16
paying,16
oertake,16
heapd,16
discretion.,16
muffled,16
discoverd,16
feels,16
horses.,16
hellish,16
navy,16
mud,16
greeting.,16
doesnt,16
manner.,16
drawer.,16
monarchs,16
ensue,16
nicely,16
domestic,16
oracle.,16
might.,16
distemper,16
hack,16
gratify,16
gossips,16
gentles,16
dissolve,16
dirt,16
government.,16
garlands,16
funeral.,16
darkly,16
doth.,16
mortality.,16
miscarried,16
grapple,16
cue,16
pate.,16
jolly,16
kindness.,16
imagind,16
mould,16
overdone,16
oxen,16
jade,16
occupation,16
grooms,16
engine,16
fitting,16
loses,16
foh,16
enlarge,16
evil.,16
marry.,16
gull,16
freshly,16
mutinous,16
faithfully,16
dismissd,16
extremes,16
commanders,16
turks,16
blasts,16
bench,16
credit.,16
tubal,16
bragging,16
answerd.,16
childish,16
confederate,16
willoughby.,16
close.,16
chest,16
cauldron,16
barrd,16
churchyard,16
admitted,16
apprehended,16
burdens,16
blemish,16
adventures,16
trebonius,16
countenance.,16
charter,16
ale,16
ods,16
admired,16
conjunction,16
montjoy,16
chastisement,16
chaff,16
credulous,16
continues,16
avoided,16
angle,16
bruise,16
betrothd,16
acting,16
confused,16
compel,16
scarus,16
courts,16
bated,16
mustardseed.,16
bags,16
ventidius.,16
closet.,16
ashamed,16
asses,16
breadth,16
creditors,16
chance.,16
appointment,16
count.,16
clearly,16
absence.,16
chronicle,16
beef,16
brains.,16
continuance,16
consuls,16
blots,16
consecrate,16
aid.,16
across,16
creeping,16
came.,16
burnd,16
correct,16
rowland,16
bedfellow,16
varrius,16
chin.,16
braggart,16
chariot,16
chapel,16
channel,16
brain.,16
briers,16
blasted,16
blowing,16
adders,16
appearing,16
conspire,16
bell.,16
boatswain,16
tuesday,16
snug,16
accompanied,16
proculeius,16
scots,16
chain.,16
crew,16
bauble,16
bath,16
aunchient,16
acquit,16
cabin,16
compounded,16
brat,16
belch,16
robin.,16
coronation.,16
philomel,16
banners,16
bride.,16
confederates,16
comparisons,16
captives,16
priam.,16
panthino,16
confusion.,16
conspirators,16
crop,16
abbess,16
covetous,16
thyreus,16
crammd,16
bullcalf.,16
attendance,16
beggarly,16
affords,16
changed,16
thisbys,16
confessor,16
athwart,16
comedy,16
lucy,16
bernardo,16
canidius,16
bordeaux,16
isis,16
julias,16
martius,16
abhorson,16
bullen,16
doct.,16
holofernes,16
harry.,16
grecians,16
florence.,16
englishman,16
marcellus,16
campeius,16
douglas.,16
mary,16
kate.,16
mardian.,16
curio,16
bellario,16
exton,16
mamillius,16
ceres,16
dunsinane.,16
ligarius.,16
iden,16
laertes.,16
donalbain,16
calpurnia,16
gadshill,16
lovel,16
luce.,16
jack.,16
macmorris,16
donalbain.,16
cadwal,16
heros,16
harrys,16
carlisle,16
cassandra,16
cato,16
huntsman.,16
christians,16
frenchman.,16
throughout,15
remembered,15
stalk,15
soon.,15
presenting,15
security,15
witness.,15
sand,15
weeks,15
rats,15
usual,15
receiving,15
riddle,15
release,15
procession,15
scattered,15
whistle,15
dive,15
invent,15
passion.,15
meeting.,15
laughter.,15
defective,15
distraction,15
denial,15
picture.,15
eggs,15
played,15
hopeless,15
passed,15
mournful,15
hoping,15
impossible.,15
louder,15
flown,15
functions,15
obtain,15
change.,15
annoy,15
building,15
appeared,15
carefully,15
chimney,15
corners,15
benefits,15
cheerfully,15
bleeds,15
card,15
courage.,15
cat.,15
caterpillar,15
commotion,15
gryphon.,15
siege.,14
sceptres,14
wrestle,14
spheres,14
reard,14
travelld,14
savours,14
violets,14
richest,14
whelp,14
qualities.,14
rather.,14
smother,14
starting,14
smelt,14
safeguard,14
thorn,14
suckd,14
yard,14
wrestler,14
sovereignty.,14
search.,14
showr,14
sot,14
sirs.,14
scorn.,14
straightway,14
repeated,14
station,14
warmd,14
swine,14
ruin.,14
powers.,14
wounding,14
take.,14
uneven,14
virtuous.,14
sealed,14
religiously,14
prodigious,14
pretence,14
teaches,14
vine,14
upper,14
repeal,14
smock,14
spoild,14
stumble,14
range,14
violently,14
utterly,14
trivial,14
puppy,14
usurers,14
whipping,14
toads,14
quarrelling,14
swallowd,14
sounds.,14
valor,14
windy,14
selflove,14
purgd,14
puny,14
redeemd,14
volume,14
prerogative,14
suffered,14
summons,14
rich.,14
resemble,14
threescore,14
surveyor,14
stony,14
quite.,14
wherever,14
sweetness,14
relievd,14
swoons,14
wages,14
spied,14
poise,14
ruminate,14
unluckily,14
stratagem,14
whereat,14
turtles,14
trash,14
skins,14
told.,14
thorny,14
shrunk,14
quarrel.,14
traitors.,14
stampd,14
practice.,14
trencher,14
thirst,14
rivals,14
prisoners.,14
propose,14
wear.,14
vantage.,14
tough,14
strength.,14
poor.,14
te,14
stewd,14
seigneur,14
woot,14
riding,14
snail,14
quietness,14
slowly,14
prove.,14
tongues.,14
rider,14
tempest.,14
shippd,14
pulse,14
slaughtred,14
residence,14
refund,14
subjects.,14
unquiet,14
precise,14
vexation,14
retires.,14
victors,14
serving,14
want.,14
talkst,14
subornd,14
unarm,14
secretary,14
wrath.,14
virtues.,14
wound.,14
rapt,14
shoot.,14
resolute,14
seed,14
sympathy,14
sores,14
writers,14
princes.,14
steppd,14
unwilling,14
talents,14
travels,14
some.,14
travellers,14
taunts,14
spots,14
sufficeth,14
spotless,14
sprites,14
snuff,14
weepst,14
purposed,14
regards,14
talking.,14
request.,14
supreme,14
professes,14
try.,14
theirs.,14
submission,14
taunt,14
rousd,14
tumble,14
revenged,14
proclamation.,14
suppertime,14
woodcock,14
writ.,14
seet.,14
regarded,14
reconcile,14
solace,14
readiness.,14
poisoned,14
wight,14
scornful,14
saith,14
silent.,14
robbery,14
retain,14
remote,14
sheep.,14
refusd,14
solely,14
replete,14
reckon,14
they.,14
stop.,14
wage,14
swiftly,14
strangle,14
spectacle,14
tends,14
pranks,14
via,14
transform,14
venge,14
shortly.,14
resist,14
nourish,14
murderd,14
malice.,14
hurry,14
opposition,14
jar,14
en,14
dismayd,14
declining,14
faculties,14
nightgown,14
falcon,14
esteemd,14
intent.,14
dart,14
earnest.,14
ne,14
find.,14
helping,14
culld,14
honor.,14
ghostly,14
effected,14
pleading,14
denied.,14
ninth,14
magnanimous,14
forgot.,14
food.,14
gratis,14
instructions,14
firmly,14
limbs.,14
heath.,14
misfortune,14
hill.,14
darts,14
jacks,14
pennyworth,14
orator,14
hindred,14
heigh,14
litter,14
jocund,14
lousy,14
juvenal,14
hatter.,14
deceivd.,14
dealt,14
musty,14
lessons,14
diggd,14
dregs,14
musician.,14
humanity,14
ergo,14
diligence,14
murtherd,14
knife.,14
kill.,14
mature,14
imputation,14
frown.,14
embracd,14
forester,14
favor,14
doomsday,14
juice,14
dominions,14
dark.,14
per,14
orderly,14
month.,14
doubting,14
fardel,14
happy.,14
dissuade,14
disobedience,14
judgd,14
horribly,14
kite,14
genius,14
enquire,14
din,14
nine.,14
hapless,14
grapes,14
gan,14
freely.,14
patchd,14
flower.,14
pith,14
oftentimes,14
forget.,14
modesty.,14
offred,14
fathom,14
distinction,14
disdaind,14
drawer,14
domain,14
gaolers,14
perils,14
overtake,14
malignant,14
inside,14
nerves,14
lass,14
heartblood,14
earn,14
cunning.,14
lawless,14
girdle,14
decline,14
permission,14
fears.,14
disciplines,14
dial,14
obtaind,14
disturbd,14
forbear.,14
everywhere.,14
pikes,14
moonlight,14
instant.,14
knewst,14
military,14
lanthorn,14
fancys,14
moderate,14
mightiest,14
ides,14
over.,14
doubly,14
eyesight,14
extremity.,14
dirty,14
effeminate,14
met.,14
flowr,14
ditch,14
discomfort,14
perfumes,14
high.,14
had.,14
mounting,14
misprision,14
cushions,14
imposition,14
kindly.,14
many.,14
lantern,14
gear,14
persever,14
gardener.,14
fellows.,14
dreams.,14
heaps,14
flows,14
partake,14
opinion.,14
kneels.,14
gaind,14
misery.,14
forgo,14
durance,14
pestilent,14
hat.,14
cushion,14
marked,14
hoar,14
gardeners,14
didnt,14
moulded,14
lawyers,14
enjoind,14
galls,14
ensuing,14
debtor,14
knots,14
gaping,14
doe,14
distract,14
fraught,14
encounters,14
garter.,14
forfeiture,14
duly,14
herb,14
edict,14
drove,14
destroyd,14
planets,14
millions,14
forgiveness,14
favourites,14
peasants,14
flag,14
driving,14
hardhearted,14
graves.,14
gorge,14
fairy.,14
packd,14
dedicate,14
merit.,14
meek,14
injustice,14
displeasd,14
hood,14
darst.,14
eloquence,14
dukedoms,14
mutiny.,14
murdered,14
intolerable,14
outrun,14
firstborn,14
finished,14
divinity,14
lioness,14
knavish,14
ish,14
housewife,14
drab,14
enterd,14
ostler,14
decreed,14
ordaind,14
judge.,14
lightness,14
lenity,14
distinctly,14
pile,14
madonna,14
fang,14
manifold,14
lamenting,14
goats,14
gesture,14
deceitful,14
justify,14
evry,14
murtherers.,14
laughs,14
leaps,14
ended.,14
discreet,14
importund,14
philosopher,14
letting,14
leaning,14
plot.,14
desolation,14
pat,14
ladyships,14
obdurate,14
due.,14
loaden,14
impediments,14
deckd,14
greatst,14
evident,14
doubted,14
demanded,14
madst,14
inclining,14
hats,14
gusts,14
neighbours.,14
kerns,14
dungeon,14
lamentation,14
hop,14
estates,14
monument.,14
heretic,14
gnaw,14
external,14
murtherer,14
dews,14
offends,14
mischiefs,14
mortals,14
dragons,14
island.,14
imaginary,14
lowest,14
instances,14
glory.,14
fearfully,14
ostentation,14
killed,14
plucking,14
discourse.,14
brands,14
affair.,14
covert,14
cannons,14
bedchamber,14
protector.,14
abode,14
ursula.,14
becoming,14
rutland.,14
considered,14
consent.,14
ambush,14
cedar,14
sempronius,14
pandulph,14
companies,14
petitioner.,14
chair.,14
barefoot,14
afflicted,14
calendar,14
constraind,14
almighty,14
accompany,14
varro,14
southwell,14
antiquity,14
bountiful,14
seyton.,14
consorted,14
choose.,14
brags,14
awful,14
cherishd,14
assemble,14
sunday,14
bastardy,14
bracelet,14
barbers,14
bloody.,14
accommodated,14
wiltshire,14
baleful,14
attorney,14
cow,14
consume,14
comparison,14
snout.,14
abbot,14
courtship,14
cord,14
codpiece,14
broachd,14
coxcomb.,14
sycorax,14
sandys,14
ravenspurgh,14
attempt.,14
backd,14
admittance,14
chaps,14
bended,14
sicilius.,14
amends.,14
bawd.,14
christendom,14
active,14
westminster.,14
butts,14
strato,14
courtesies,14
bitterness,14
candles,14
banished.,14
thames,14
con,14
chapter,14
cars,14
autumn,14
breaths,14
courtly,14
buckle,14
monday,14
bridal,14
tunis,14
coal,14
boarded,14
melun,14
cordial,14
begging,14
advocate,14
aptly,14
audience.,14
vaux,14
crosses,14
controversy,14
bitterly,14
philostrate,14
orsino,14
carriages,14
accounted,14
belied,14
aboard.,14
syracusian,14
burial.,14
morocco.,14
certainty,14
anew,14
conquerors,14
boundless,14
betide,14
climbing,14
answering,14
bad.,14
atone,14
arrow,14
chasd,14
chivalry,14
byandby,14
contrive,14
brawling,14
contention,14
club,14
clip,14
philostrate.,14
armourer,14
volumnius.,14
taurus,14
construction,14
clothe,14
betrayed,14
ague,14
breeches,14
welsh.,14
silvias,14
accents,14
challenges,14
willoughby,14
ceremonies,14
bandy,14
morton,14
clerk.,14
commanded.,14
belovd.,14
apparition,14
chancellor,14
breasts,14
tiber,14
cog,14
brine,14
audacious,14
attaint,14
coward.,14
bedlam,14
casement,14
ceremonious,14
begs,14
bearst,14
coupled,14
claims,14
brooks,14
choleric,14
bonny,14
commendation,14
orsinos,14
aedile,14
austria,14
angelos,14
deiphobus,14
basset.,14
fastolfe,14
dion,14
goneril.,14
cressid.,14
commoner.,14
advancing,14
calpurnia.,14
alcides,14
bullcalf,14
indian,14
archidamus.,14
ligarius,14
aquitaine,14
herefords,14
denmark.,14
cobweb,14
juliets,14
aldermen,14
brandon.,14
cornelius,14
faulconbridge.,14
dunsinane,14
hymen,14
eve,14
bourbon,14
carlisle.,14
cleomenes.,14
clotens,14
macbeths,14
illyria,14
dogberry,14
bohemia.,14
bassanios,14
bates.,14
licio,14
fang.,14
bagot.,14
johns,14
bigot.,14
corinth,14
egeus.,14
jewry,14
athenians,14
curtis,14
diomed.,14
hortensius.,14
cicero.,14
apollos,14
alexandria,14
trying,13
saves,13
royalties,13
shorter,13
tremble.,13
shrill,13
pretend,13
wings.,13
rudeness,13
wouldnt,13
staring,13
reasons.,13
really,13
seaside,13
smile.,13
promising,13
provision,13
sage,13
vaccine,13
whisper.,13
why.,13
prizes,13
swallowing,13
red.,13
sort.,13
shock,13
proportions,13
raising,13
understand.,13
drowned,13
particular.,13
pandemic,13
drinking.,13
forgetting,13
lesson,13
extent,13
denying,13
pepper,13
partners,13
link,13
extraordinary,13
family,13
mortality,13
hoarse,13
executed.,13
expecting,13
fading,13
market,13
dressed,13
fees,13
older,13
defects,13
differences,13
importance,13
childhood,13
bat,13
aloud.,13
begun.,13
anxiously,13
airs,13
containing,13
burden.,13
consented,13
archive,13
literary,13
ix.,13
tripping,12
trail,12
tyranny.,12
turf,12
tires,12
showers,12
providence,12
thirsty,12
soeer,12
strongest,12
session,12
season.,12
probation,12
rashness,12
winter.,12
revivd,12
unusual,12
unkindly,12
robbing,12
trodden,12
revengd.,12
vizards,12
prayrs,12
sucking,12
reek,12
treasure.,12
righteous,12
worthiness.,12
pursuit.,12
wards,12
swallows,12
straind,12
thinking.,12
suffring,12
prepard.,12
unto.,12
terrors,12
shepherdess,12
weeps.,12
stride,12
rule.,12
portion,12
thigh,12
skirmish,12
rested,12
popular,12
trump,12
swan,12
valours,12
spite.,12
weddingday.,12
unhallowed,12
tribune.,12
thinkest,12
recoverd,12
shouting,12
salutation,12
visited,12
succeeding,12
womanhood,12
vanishd,12
rejoicing,12
verified,12
short.,12
stoopd,12
wooed,12
unjustly,12
quondam,12
proceeding.,12
sall,12
supplant,12
suited,12
porpentine,12
wooer,12
sink.,12
scard,12
purest,12
transparent,12
reflection,12
pourd,12
timorous,12
spear,12
stains,12
resides,12
revolt.,12
wailing,12
yhave,12
prizd,12
wrangle,12
sentencd,12
unpleasing,12
preposterous,12
slily,12
thanked,12
slaughtered,12
washing,12
tenderly,12
waft,12
suspected,12
regions,12
remain.,12
shifts,12
source,12
rive,12
wrappd,12
slave.,12
rusty,12
revolts,12
truelove,12
skilful,12
reckning,12
singular,12
rhyme.,12
successful,12
repentance,12
sa,12
vail,12
sincerity,12
raze,12
success.,12
spiritual,12
seventeen,12
soonest,12
transport,12
sandy,12
presage,12
values,12
shuts,12
potions,12
wheresoeer,12
relate,12
tinker,12
string,12
slaughterd,12
professd,12
trick.,12
skies,12
realms,12
rosemary,12
rock.,12
unity,12
thoroughly,12
yew,12
tents.,12
squires,12
strip,12
tyrant.,12
sorely,12
soar,12
victor,12
trembles,12
preservation,12
venison,12
transformd,12
sold.,12
sleeves,12
says.,12
soldiership,12
zealous,12
witht.,12
solemnity.,12
shrine,12
thanes,12
skirts,12
slanderous,12
sailor.,12
week.,12
tiny,12
swaggering,12
sinks,12
roars,12
raind,12
wrongst,12
reckless,12
protestation,12
ram,12
steeled,12
sojourn,12
swiftest,12
stained,12
unrest,12
stamps,12
scout,12
promontory,12
viands,12
wounds.,12
tidings.,12
recoil,12
wooers,12
wealth.,12
searching,12
rooted,12
scold,12
sanctified,12
restored,12
watery,12
utterance,12
sorrowful,12
rails,12
wickedness,12
vapours,12
starved,12
spade,12
revenue.,12
washes,12
school.,12
sexton,12
position,12
sconce,12
weird,12
scratchd,12
timely,12
rams,12
searchd,12
wrest,12
trains,12
sinister,12
remaining,12
unwholesome,12
snatches,12
rushing,12
thump,12
regiment,12
sheriff.,12
vows.,12
poorly,12
shrift,12
scatterd,12
tending,12
scolding,12
rattling,12
prunes,12
wrongfully,12
temperance,12
throngs,12
scour,12
unlookd,12
snatchd,12
ruins,12
rates,12
sharper,12
weaver,12
quarters,12
unite,12
salvation,12
spices,12
rescud,12
upont.,12
stage.,12
streets.,12
worshipful,12
spits,12
snakes,12
retort,12
pursues,12
sit.,12
testy,12
through.,12
temporal,12
ruinous,12
unarmd,12
reads.,12
verge,12
uttermost,12
shoots,12
stands.,12
recorded,12
prepare.,12
prostrate,12
requital,12
prophetic,12
threatens,12
sweating,12
thrusts,12
started,12
ungrateful,12
risk,12
yeoman,12
spurns,12
sicken,12
swearst,12
precisely,12
twofold,12
qualified,12
securely,12
trust.,12
fog,12
feign,12
currents,12
lust.,12
penury,12
operation,12
killst,12
hardy,12
device.,12
incertain,12
nobility.,12
incur,12
farm,12
devise.,12
extremes.,12
lover.,12
pities,12
haviour,12
piercd,12
lodging.,12
invisible.,12
got.,12
perfect.,12
exposd,12
disposition.,12
interchange,12
eastern,12
intercession,12
lightens,12
eithers,12
dispositions,12
foresaid,12
displayd,12
deliberate,12
merited,12
perfectly,12
henceforward,12
gore,12
imperfect,12
fantastic,12
extremely,12
kennel,12
icy,12
lordly,12
eminence,12
embracing,12
pirate,12
petticoat,12
pard,12
namely,12
motives,12
lawyer,12
deprivd,12
hatches,12
palaces,12
parish,12
marches,12
exceptions,12
dawning,12
needy,12
dish.,12
overcame,12
happiness.,12
fail.,12
peculiar,12
horn.,12
fields.,12
despairing,12
lump,12
despiteful,12
masks,12
earthquake,12
leapt,12
hen,12
frets,12
forked,12
drownd.,12
departed,12
melodious,12
madcap,12
mace,12
penny.,12
oak.,12
mistresses,12
heavd,12
finger.,12
delight.,12
dancd,12
newer,12
galled,12
drudge,12
partial,12
liveries,12
kneel.,12
dusky,12
laments,12
loo,12
hug,12
devoted,12
honoured,12
guess.,12
faiths,12
expedition.,12
cypress,12
determination,12
deep.,12
officious,12
jester,12
hilts,12
eyne,12
occasion.,12
neighbourhood,12
message.,12
greater.,12
fortify,12
enrolled,12
dam.,12
offspring,12
object.,12
gust,12
garments.,12
interrupted,12
doit,12
gud,12
desirous,12
dispense,12
outrageous,12
needle,12
lodges,12
gift.,12
fury.,12
lucky,12
detestable,12
haven.,12
emperess,12
plume,12
murderous,12
hushd,12
ginger,12
ghastly,12
failing,12
eyeballs,12
organs,12
dastard,12
harness,12
gamester,12
discern,12
melody,12
iniquity,12
gifts.,12
perfections,12
minister.,12
logs,12
infer,12
flatteries,12
emulation,12
illfavourd,12
gout,12
fiend.,12
dulcet,12
epilogue.,12
pelting,12
dare.,12
feasting,12
ordnance,12
merrier,12
pagan,12
hermit,12
dials,12
degree.,12
makes.,12
invites,12
hid.,12
fling,12
doubled,12
needst,12
isle.,12
immaculate,12
hoo,12
disgraces,12
outlaws,12
merciless,12
madman.,12
crowns.,12
howsoeer,12
cruelty.,12
halting,12
famd,12
grind,12
fathers.,12
digestion,12
player,12
persuades,12
paces,12
exhibition,12
journey.,12
eyeless,12
depth,12
importunate,12
draw.,12
mounts,12
mend.,12
gracious.,12
decay.,12
interpreter,12
hinds,12
pauca,12
lands.,12
impious,12
harp,12
gaudy,12
overheard,12
miracles,12
grievances,12
hay.,12
jars,12
errand.,12
eighth,12
dowager,12
olive,12
hypocrite,12
glass.,12
deign,12
nick,12
murtherous,12
negligent,12
glove.,12
glittering,12
ply,12
musical,12
paragon,12
heartily.,12
expire,12
enforcement,12
disorder,12
hunted,12
excels,12
incapable,12
hobbyhorse,12
graver,12
missing,12
nettles,12
discovers,12
dug,12
holes,12
feel.,12
necessity.,12
humane,12
griefs.,12
cuckolds,12
piety,12
faints,12
maskd,12
delays,12
kinds,12
frights,12
fade,12
harlot,12
gasp,12
forgetfulness,12
deity,12
picking,12
openly,12
equally,12
dearst,12
packing,12
force.,12
fery,12
injuries.,12
game.,12
jig,12
husbands.,12
humblebee,12
helmet,12
pipes,12
pilot,12
maw,12
petitions,12
nobody.,12
enjoys,12
medcine,12
kinsman.,12
honourable.,12
hip,12
examples,12
ensign,12
discontents,12
hatch,12
margent,12
lace,12
plain.,12
performd.,12
names.,12
glow,12
engenders,12
nun,12
hardness,12
enchanting,12
cursing,12
peerless,12
outface,12
mightier,12
greedy,12
fouler,12
mildly,12
customary,12
graze,12
necessaries,12
dispute,12
desert.,12
hereditary,12
murthers,12
mildness,12
gowns,12
deer.,12
daughters.,12
forsaken,12
esteemed,12
lacking,12
destiny.,12
offer.,12
imminent,12
hoop,12
helpd,12
friars,12
fines,12
curtains,12
pander,12
lightning.,12
obscurd,12
kinder,12
discarded,12
doff,12
lovd.,12
ignorance.,12
fill.,12
daws,12
devised,12
instinct.,12
desiring,12
dashd,12
fulfilld,12
offending,12
measure.,12
hunters,12
descends.,12
mire,12
lineaments,12
godden,12
legitimate,12
follows.,12
direful,12
finer,12
ducat,12
exploits,12
erst,12
design.,12
ofs,12
fleet.,12
noon.,12
misshapen,12
obsequies,12
impiety,12
hearken,12
goat,12
mote,12
feigned,12
hive,12
achievd,12
calfsskin,12
battery,12
strato.,12
player.,12
philotus.,12
arraign,12
compounds,12
ceremony.,12
bloodless,12
battry,12
aediles,12
clocks,12
ashore,12
admitted.,12
account.,12
pinch.,12
satan,12
courtezan,12
brood,12
menteith.,12
burthen,12
assault.,12
volscians,12
condition.,12
colder,12
carved,12
blossoms,12
contrivd,12
accusers,12
bright.,12
churchman,12
conquering,12
blow.,12
babbling,12
attend.,12
abandond,12
bran,12
coals,12
converted,12
brutish,12
awake.,12
amiable,12
sicily,12
phrynia,12
croppd,12
betake,12
churchmen,12
myrmidons,12
crossgarterd,12
charmd,12
philippi.,12
bribe,12
stephen,12
convoy,12
comply,12
changeling,12
burn.,12
bawds,12
baggage,12
windsor.,12
coach,12
calld.,12
cherry,12
boats,12
arithmetic,12
messina.,12
bark.,12
bode,12
clime,12
blessing.,12
commendable,12
challenge.,12
o.,12
bon,12
behaviours,12
voltemand,12
celerity,12
tarquin,12
cankred,12
blushd,12
counterfeit.,12
peaseblossom.,12
bower,12
aspiring,12
conceits,12
counties,12
normandy,12
cleard,12
angel.,12
climate,12
bewray,12
coffer,12
chairs,12
bourn,12
boil,12
acted,12
bakd,12
accomplishd,12
ale.,12
bullets,12
abides,12
minola,12
cheerd,12
advancement,12
ban,12
admiral,12
berries,12
awaking,12
clout,12
rambures,12
aright,12
brows.,12
chastity.,12
cart,12
anchors,12
messina,12
petruchios,12
musicians.,12
bashful,12
tewksbury,12
believet,12
nilus,12
common.,12
answered.,12
admire,12
buckled,12
attended.,12
timandra.,12
complexion.,12
conception,12
bathe,12
artificial,12
syria,12
calls.,12
commonweal,12
authors,12
seleucus,12
arbitrement,12
affords.,12
welshmen,12
abound,12
saturn,12
combine,12
cheek.,12
compassd,12
adultery,12
beseem,12
brier,12
admird,12
bats,12
civility,12
bareheaded,12
arrival,12
bestrid,12
clamours,12
bulls,12
conceivd,12
cloister,12
bonnet,12
contented.,12
calamity,12
beaver,12
afeard.,12
auspicious,12
basis,12
admits,12
samson,12
peaseblossom,12
capon,12
bravery,12
barons,12
amber,12
committed.,12
comely,12
builds,12
aches,12
cheater,12
career,12
accordingly,12
creating,12
popilius,12
complaints,12
befalln,12
basket.,12
colours.,12
charming,12
considering,12
admiring,12
constraint,12
sergeant.,12
counsellors,12
coalblack,12
bearer,12
anchor,12
nevils,12
conveyance,12
angers,12
roger,12
mercutio.,12
adversity,12
abstract,12
complexions,12
consideration,12
pindarus.,12
addressd,12
mustardseed,12
mowbrays,12
affrighted,12
books.,12
chronicles,12
cheer.,12
creature.,12
conditions.,12
crack.,12
bleed.,12
adopted,12
chests,12
caterpillar.,12
fidele,12
gallus,12
illyria.,12
denny,12
christ,12
iris,12
hugh.,12
dianas,12
hal.,12
albanys,12
elinor,12
borachio,12
hermias,12
chrish,12
cliffords,12
lucullus.,12
cham.,12
agamemnons,12
europe,12
angus,12
horner.,12
dodo,12
balthazar.,12
goths.,12
erpingham,12
chatillon.,12
francisco,12
amiens,12
adrian,12
borachio.,12
hotspurs,12
centaur,12
fitzwater.,12
morton.,12
italy.,12
georges,12
cressids,12
briton,12
angus.,12
erpingham.,12
cobweb.,12
andromache,12
french.,12
bona.,12
andromache.,12
arragon.,12
hume.,12
dians,12
gloucestershire,12
christopher,12
andronicus.,12
conrade,12
7.,12
brandon,12
lucrece,12
fitzwater,12
epidamnum,12
hecate,12
colville.,12
claudios,12
cambridge.,12
banquos,12
chancellor.,12
balthazar,12
goth.,12
euphronius.,12
dover.,12
exton.,12
marullus.,12
december,12
capucius.,12
daniel,12
surprised,11
subdued,11
viewing,11
response,11
smaller,11
roughly,11
suppress,11
sighed,11
thirteen,11
possessed,11
supple,11
stolen,11
sobs,11
unwillingly,11
yards,11
tea,11
uphold,11
wasnt,11
replacement,11
shouted,11
explain,11
impatiently,11
nest.,11
hedges,11
graceful,11
eagerly,11
legal,11
lamps,11
directly.,11
dismay,11
damages,11
dropping,11
liable,11
diamonds,11
deepest,11
lake,11
oyster,11
global,11
pointed,11
pause.,11
extended,11
flung,11
executioners,11
nose.,11
ordered,11
downward,11
five.,11
owed,11
directions,11
elbows,11
nursing,11
discovered,11
dates,11
establish,11
paragraph,11
height.,11
infectious,11
nile,11
confirmation,11
williams,11
beheaded,11
blanket,11
combined,11
anywhere,11
caterpillars,11
canary,11
clearer,11
contempt.,11
cattle,11
butter,11
omicron,11
believed,11
couples,11
attempts,11
affair,11
cakes,11
additions,11
dinah,11
